"aid","migration_year","migration_day","steps","angles"
108,2016,2,0.178820123834901,NA
108,2016,3,0.131184560557975,1.54657576594903
108,2016,4,0.127048232592827,-0.490312624721762
108,2016,5,0.263887734890471,2.97404250500836
108,2016,6,0.318634598621309,2.16402838635583
108,2016,7,0.300039878513533,2.83500880907763
108,2016,8,0.0544100012023091,1.8356993291023
108,2016,9,1.0253962453183,1.01691258445772
108,2016,10,7.67205360751978,-0.696109011195928
108,2016,11,8.39722662973624,-3.08195487579548
108,2016,12,0.370640303601675,0.969327055105917
108,2016,13,0.194507350845625,2.1804487826984
108,2016,14,0.218508246899907,2.15768702686809
108,2016,15,0.0714176777877018,-2.25419450632056
108,2016,16,0.114434899790705,-1.53687589081925
108,2016,17,0.019034946808635,1.04628482357062
108,2016,18,0.223110747801376,2.02908812781964
108,2016,19,0.276608587430314,-3.07048982590774
108,2016,20,5.23880509954941,1.48657978661866
108,2016,21,5.26012913236189,3.11927950605958
108,2016,22,0.192290386695094,2.52958260029152
108,2016,23,0.30667516770682,-3.08132376543416
108,2016,24,0.045473862849453,2.46791931744718
108,2016,25,0.204241192105217,3.02549536379258
108,2016,26,0.215987385007355,-2.31561512246267
108,2016,27,0.210414577547042,3.0595533342968
108,2016,28,0.150233273871538,-2.54005969888276
108,2016,29,0.224646671072651,-2.80137370422264
108,2016,30,0.159142717716831,-2.2665733486418
108,2016,31,0.45557258930639,-3.12857107314693
108,2016,32,0.498027629817321,-3.11682791005298
108,2016,33,0.306833596646016,-0.985403177687847
108,2016,34,0.609442243741704,-2.67625040091376
108,2016,35,0.0727849014181388,2.24053488636255
108,2016,36,0.629284166239595,1.06544106647838
108,2016,37,0.205087634288002,2.4081395439098
108,2016,38,0.584381634672184,3.13786402040822
108,2016,39,0.962844915341058,-2.49007259801064
108,2016,40,0.481804241893818,0.284911866525185
108,2016,41,0.760050620462102,-2.9075501932779
108,2016,42,0.488321717098596,-2.86343887180156
108,2016,43,0.688204915754881,3.13650124607478
108,2016,44,0.695056541238484,-3.12546870808329
108,2016,45,0.135920296569587,-0.781381786688087
108,2016,46,0.10035203309132,-2.98512041716081
108,2016,47,4.88747743131187,-0.936102934391051
108,2016,48,4.88396558120245,3.13994881216046
108,2016,49,0.0335940120906818,0.336515054214108
108,2016,50,0.0954697783402067,-1.00820179837718
108,2016,51,0.343474611826231,-0.62841834657973
108,2016,52,0.297159645307236,3.00524832171862
108,2016,53,0.322154323249899,-3.00196422984021
108,2016,54,0.10743617341152,-0.657664610031746
108,2016,55,0.0788548514361604,-2.69929176619098
108,2016,56,0.296561291416203,-1.5342851768737
108,2016,57,0.513519777150843,2.30507120986023
108,2016,58,0.467011290254802,2.80088833049982
108,2016,59,0.974462994127613,-0.00205153953038817
108,2016,60,0.93136864912126,2.91731751590101
108,2016,61,0.168359414673949,-0.531812951099122
108,2016,62,0.4621213130409,-3.02410292668611
108,2016,63,0.409736488923721,-2.09444686019294
108,2016,64,0.0900418811091442,-1.0531384300042
108,2016,65,1.00122345295475,-2.3204926543824
108,2016,66,0.93335909888466,-3.10563067968163
108,2016,67,0.450477217813592,-0.360877537845886
108,2016,68,0.688327968353019,2.67681380757752
108,2016,69,0.73671720153875,-3.10517936077963
108,2016,70,0.766501197462745,-2.16085153138298
108,2016,71,0.578366785162626,2.71829624554199
108,2016,72,0.805971355735364,1.98109404347224
108,2016,73,0.79496991716963,-2.79819858850033
108,2016,74,0.528932989587572,-2.2230475472714
108,2016,75,0.999097213532626,-0.169529877676153
108,2016,76,1.15879033339204,-2.84172102321176
108,2016,77,0.219082608120392,2.12866760920648
108,2016,78,0.517698407434063,-2.98775439296661
108,2016,79,1.36175963301745,-2.43691557475212
108,2016,80,0.890485034507428,-2.95850333471658
108,2016,81,0.938272708351081,3.03332497700194
108,2016,82,0.982673569836212,2.73246229416363
108,2016,83,0.497070513939969,0.308656192143769
108,2016,84,0.513745705749139,2.92535663317841
108,2016,85,2.41285759631957,0.805117258480883
108,2016,86,0.988454199541153,2.80065893689821
108,2016,87,2.19222738507805,0.727904212482106
108,2016,88,0.939762547263966,-2.37342214432126
108,2016,89,2.06519788739121,-1.11370596048067
108,2016,90,0.944845421857715,-0.210714409392686
108,2016,91,0.360859295979271,0.420837546052863
108,2016,92,1.19965751826814,2.96998525114817
108,2016,93,0.131470194698661,-1.19885717035047
108,2016,94,0.849000124050134,-2.2104224087277
108,2016,95,0.591057278169079,-0.223932058421644
108,2016,96,18.69676422005,0.28166022310103
108,2016,97,12.8950405965455,-0.115553639990361
108,2016,98,23.5670257608328,0.289907973575112
108,2016,99,7.95587590138877,-0.295051599552473
108,2016,100,6.1328645868179,-0.377931540103253
108,2016,101,13.0662503480694,0.277003002846408
108,2016,102,8.24152548618047,0.345853881760608
108,2016,103,3.24038007204483,-0.526776231707993
108,2016,104,14.3417688764128,0.409704738618919
108,2016,105,9.86586383055241,-0.0881183118207325
108,2016,106,9.52896992010384,-0.0720589053622476
108,2016,107,0.329040465962965,0.110445980806215
108,2016,108,9.07389150544338,-0.197542122254756
108,2016,109,6.60431549095329,0.2196906755617
108,2016,110,11.5655412053592,0.324375048817934
108,2016,111,1.98860532004379,-1.59601596120844
108,2016,112,1.44552196800223,-2.51435182857487
108,2016,113,0.148052263759164,-0.160548659165563
108,2016,114,1.61189951458672,-3.06803384350791
108,2016,115,1.77707044150183,0.666551841216333
108,2016,116,1.17918246767636,-0.309139014410863
108,2016,117,1.16470149691841,-2.53087939719079
108,2016,118,1.12633737737071,-3.13545030957857
108,2016,119,48.5066940061975,-0.889605736691824
108,2016,120,22.2693678011014,-0.185048361540473
108,2016,121,1.32787567827952,0.638725307169294
108,2016,122,1.7431757343591,3.11729199512195
108,2016,123,1.50588702925604,-3.12805360597193
108,2016,124,0.802404628055631,2.92083710820915
108,2016,125,0.795488296184176,2.79141863406031
108,2016,126,0.213554526894821,1.47561974671625
108,2016,127,0.741999748119485,1.5551354750386
108,2016,128,1.14301419322425,1.12194307316179
108,2016,129,1.29510926048193,2.47527689798002
108,2016,130,0.549263076042006,2.80310439345936
108,2016,131,0.39243563474278,-2.20025332158618
108,2016,132,0.511214918296313,-0.96798530892248
108,2016,133,0.121974081524451,1.97890476592285
108,2016,134,0.713088100867874,1.56614267707668
108,2016,135,0.699681285866187,-2.98708488814791
108,2016,136,3.65945676289263,0.85898269367714
108,2016,137,3.68203311261413,3.07498260841916
108,2016,138,1.3691779881974,-1.64161988335598
108,2016,139,3.60096375386869,-1.89192585443389
108,2016,140,0.33959360059909,-2.92290977663018
108,2016,141,1.49107502466598,0.12890621265056
108,2016,142,0.380708858275137,-2.48864459198687
108,2016,143,0.988751724759001,-1.11434987698805
108,2016,144,2.10050805678644,-2.46614443155703
108,2016,145,0.592626702549331,-2.32924107861411
108,2016,146,0.129197450927086,-1.36815521006917
108,2016,147,0.743358538731408,-0.779973521068763
108,2016,148,1.16549068826428,3.03012302903395
108,2016,149,0.84380473221703,2.08531554487065
108,2016,150,1.56010485588683,-3.12101898007871
108,2016,151,2.40948053083151,2.48573179153972
108,2016,152,0.455396914770864,-2.74631741636933
108,2016,153,0.460383989708037,-2.33142056313752
108,2016,154,2.27020993006266,2.97728051903963
108,2016,155,2.66752420944356,-2.69474767874165
108,2016,156,1.04648992292969,-1.8579163374808
108,2016,157,1.6310601660676,-1.73163515474678
108,2016,158,0.694705847283907,2.16280425039156
108,2016,159,2.46051130432089,2.34008976677078
108,2016,160,0.987155489864675,-2.69790762309473
108,2016,161,0.962127300669351,3.11392260091884
108,2016,162,2.03527997848145,2.93011252593909
108,2016,163,0.583141064176756,-0.937652488268843
108,2016,164,0.310782736452483,-3.12370466589021
108,2016,165,1.01745038146032,-0.757653544294558
108,2016,166,1.82279593667344,3.02164045836461
108,2016,167,1.76545458698981,-2.66400420083579
108,2016,168,0.999952621406123,-2.13413240924955
108,2016,169,0.700014567354561,2.70317251157047
108,2016,170,0.248713951008393,-1.30588916900176
108,2016,171,2.41838346119898,2.59683809683733
108,2016,172,1.69445480278204,1.41092804055919
108,2016,173,2.17513547141353,1.75670472231042
108,2016,174,0.721978261361201,-1.28432028448859
108,2016,175,0.279696106709526,-1.08369199734399
108,2016,176,1.10374823880244,-2.81537760070058
108,2016,177,0.983370857997423,2.95968942571705
108,2016,178,2.01714755341688,-2.53122476658122
108,2016,179,0.680884228190816,3.14018715901582
108,2016,180,0.296656983310557,1.53863251203382
108,2016,181,2.65959138144523,-2.44902724245517
108,2016,182,1.86560093886923,2.7732644862793
108,2016,183,0.386318513097339,-1.55469512293441
108,2016,184,0.237640963860907,-2.34723150899458
108,2016,185,1.40480626342124,2.25406273373868
108,2016,186,2.89244344811425,2.84932604463317
108,2016,187,2.60914972307358,2.54697183682366
108,2016,188,1.36582882886535,-1.70492049830985
108,2016,189,1.7834753892223,-2.02759736113487
108,2016,190,1.08490010456724,-1.54038447117011
108,2016,191,0.901056711537723,-1.40554766888987
108,2016,192,0.650793431429077,-2.00595904736055
108,2016,193,0.15232455296942,-1.1421911918611
108,2016,194,0.488406708853602,0.828699155973294
108,2016,195,0.722420337852865,1.76561985782749
108,2016,196,0.915032398015043,0.986684422192893
108,2016,197,0.537745002653555,-1.56122041467818
108,2016,198,1.98765225686826,-1.16462069704583
108,2016,199,0.158415637949902,-0.627084365490024
108,2016,200,0.149963773939607,2.65016681314461
108,2016,201,1.1622249022302,0.926815860507766
108,2016,202,0.338290624109286,-0.714428018301283
108,2016,203,0.862903125956186,2.02782373391811
108,2016,204,0.737178077280527,-0.810170270052011
108,2016,205,0.756440549154932,0.633737846997936
108,2016,206,0.33105181375756,0.777133301721185
108,2016,207,0.979056313570937,1.12065886802295
108,2016,208,0.455320057667672,0.348035749273864
108,2016,209,0.450866540312941,-2.80058956280973
108,2016,257,0.831899168121271,NA
108,2016,258,1.23339861050926,-1.28201181352444
108,2016,259,1.32485413985925,0.310461127284808
108,2016,260,1.57385206338041,2.95315710159507
108,2016,261,0.804583382378105,-3.10675498436152
108,2016,262,0.137364800134945,-0.240947528937351
108,2016,263,0.287980702989495,1.73618990711172
108,2016,264,1.23533571389449,-0.0128721423758549
108,2016,265,2.20500464198437,-1.68251356339522
108,2016,266,10.4801885311008,1.6052752060065
108,2016,267,5.43816120532381,-0.598229672291795
108,2016,268,0.217096257318977,0.71094698783135
108,2016,269,0.299718179362382,-3.12968197647699
108,2016,270,7.77961983964771,-1.44822267614787
108,2016,271,0.638480137861165,2.4516471780643
108,2016,272,0.909083789562325,2.93314695650006
108,2016,273,1.53990538863594,0.577770469412119
108,2016,274,4.83065757834955,2.89102955419344
108,2016,275,1.45358488717323,-1.05068001639045
108,2016,276,0.948800372769864,-2.8808367109195
108,2016,277,2.94335159505866,0.28142779267631
108,2016,278,1.01756453403466,-1.32731310456376
108,2016,279,1.6457076575876,-1.78041557758068
108,2016,280,2.24437374563689,-3.11496884827251
108,2016,281,0.903238834182252,2.16122720242987
108,2016,282,0.573426400791485,-2.79641970394237
108,2016,283,0.916472312491169,1.74187464078248
108,2016,284,1.34997409450012,-0.32113959335756
108,2016,285,1.46174851138656,2.67212015694128
108,2016,286,0.56342837758893,-0.690931273888816
108,2016,287,1.85134115432996,-0.154544500055381
108,2016,288,0.330858121627844,-2.10491893602478
108,2016,289,3.79382390807058,-1.67399355396782
108,2016,290,0.26464071601589,2.46791072545905
108,2016,291,2.54943648959832,0.952445120235592
108,2016,292,2.50982410124315,3.13739659590456
108,2016,293,0.498486549466749,-0.454839109032968
108,2016,294,0.308426764552943,-2.01899705410846
108,2016,295,0.302299371184741,3.12513823423733
108,2016,296,0.543991532594789,2.2832705881302
108,2016,297,0.30169086218818,-2.49844884455057
108,2016,298,0.430946428623816,-1.68064568928165
108,2016,299,3.8002204499421,-1.45532633762286
108,2016,300,2.01812940883287,-0.941548085116516
108,2016,301,1.47774229709163,0.214727374701742
108,2016,302,1.77980562270682,0.546692908808986
108,2016,303,1.00214854402874,2.49991444400765
108,2016,304,0.734726519512837,-2.92760541501823
108,2016,305,1.04600401808852,-2.37915913118592
108,2016,306,1.08894667961943,2.51397278660646
108,2016,307,2.23319509420302,1.47551432753442
108,2016,308,4.40794478277934,-1.30908924867107
108,2016,309,18.2302315965051,2.79360170630701
108,2016,310,1.70010450586261,2.25744026450285
108,2016,311,2.08476423054632,-2.767018603847
108,2016,312,36.398438878447,0.688322120476982
108,2016,313,3.18324355965405,-0.248642596853194
108,2016,314,14.6271699334538,0.641209723297881
108,2016,315,9.4006167335303,0.52302260513865
108,2016,316,15.8428402209642,-0.350672630707713
108,2016,317,8.27819200095581,-0.0518637237856945
108,2016,318,6.29455511786128,-0.0249825115548363
108,2016,319,14.1105822812688,0.201575673196101
108,2016,320,8.09443255611409,0.219000843455928
108,2016,321,16.5873606604671,-0.311198710504023
108,2016,322,7.14182557935946,-0.132814613951329
108,2016,323,13.8221074747425,0.048881976078385
108,2016,324,0.0034680342022622,-0.302408130073999
108,2016,325,7.42437617012115,1.0879017296998
108,2016,326,22.1599792301071,-0.511853815388204
108,2016,327,8.75862372759289,-0.335423535423667
108,2016,328,10.1484068699706,0.384374609545881
108,2016,329,11.75604468312,-0.0499674477816567
108,2016,330,0.499393596300173,-0.340504819614999
108,2016,331,0.479430980106329,-2.48526527244346
108,2016,332,1.20516781164226,-3.0576110936247
108,2016,333,6.91702896861974,0.163493597270263
108,2016,334,0.945863107301818,0.9490193154678
108,2016,335,0.0857166943564315,-2.37735177476764
108,2016,336,0.505086162370664,-0.981956410387052
108,2016,337,0.0712088218052345,3.08338538030662
108,2016,338,0.0714404088818976,1.1327133196763
108,2016,339,4.149902840178,1.62566763446753
108,2016,340,4.48125928615468,-0.49953826239235
108,2016,341,0.0497076647387018,1.0589853551139
108,2016,342,0.179345767139938,2.31350487792309
108,2016,343,0.160925911546597,-2.79250764871693
108,2016,344,0.317728403552404,-3.12527264930511
108,2016,345,0.054421581102041,0.521318484777621
108,2016,346,0.256964327493984,2.433779249886
108,2016,347,0.378974072799493,-2.84132327109365
108,2016,348,0.319394496005646,-2.94073723502054
108,2016,349,0.070683626911334,0.48106571931592
108,2016,350,0.0791686631918419,2.71820676129581
108,2016,351,0.334180608894958,0.138433974489893
108,2016,352,0.0915408635916175,2.74207310989726
108,2016,353,0.125613347499629,1.9661364117432
108,2016,354,0.0543441118918455,-2.85995863567434
108,2016,355,0.0893356646586041,-2.63386812527097
108,2016,356,0.222659400448522,-1.05322417554301
108,2016,357,0.147926922825156,2.73275987134552
108,2016,358,0.147563358988651,-2.64597339317574
108,2016,359,0.137366042929579,-0.597817359780105
108,2016,360,0.402201215940061,-1.93026519680958
108,2016,361,1.07754512381987,1.00467921699111
108,2016,362,1.43228055064297,3.09704142359916
108,2016,363,0.247304654990548,-2.83327899968852
108,2016,364,0.885674467217671,-0.567783125923704
108,2016,365,0.259111074983614,-3.04962110613081
108,2017,2,0.462559073041762,NA
108,2017,3,0.507231830960436,3.00372635343306
108,2017,4,0.195685878328849,-0.117067180685636
108,2017,5,0.293042982758952,3.08788937364156
108,2017,6,0.0707548835518875,-0.543796260100509
108,2017,7,0.26750382208956,-0.979833562018671
108,2017,8,0.850817863810312,-3.05629578615737
108,2017,9,7.66924105343701,1.5460265092511
108,2017,10,7.87818661624462,3.08028792993209
108,2017,11,0.120606058843568,-2.92374825740049
108,2017,12,0.371524659828353,-0.546216921729767
108,2017,13,0.368803123538865,-2.62833244696835
108,2017,14,0.549091737572769,-2.11959504419397
108,2017,15,0.537779539051005,-2.50207938978016
108,2017,16,0.336225398895852,-2.88959465127814
108,2017,17,0.498353917646325,1.38725202704366
108,2017,18,0.463636926539332,2.62112358880416
108,2017,19,0.317078871394257,1.20398034057175
108,2017,20,0.338517338951548,2.86160258881963
108,2017,21,0.68559716939797,-0.394738710112611
108,2017,22,0.439799569912711,2.78462934371199
108,2017,23,0.094122466579546,-2.38497478225122
108,2017,24,0.32091394991928,-3.01950409828667
108,2017,25,0.34913065188297,0.808379065053784
108,2017,26,0.82264933365233,2.25184149327039
108,2017,27,0.64206870993209,2.6746906201368
108,2017,28,0.473144169440942,2.83679814753106
108,2017,29,0.408970115911008,0.843087889816228
108,2017,30,0.466892945751983,2.47601754076114
108,2017,31,0.109983117604641,0.231598950932987
108,2017,32,0.58254532208642,2.92310650220775
108,2017,33,0.420744072363868,-3.01302418511957
108,2017,34,0.415074551104904,2.92248999199976
108,2017,35,0.371134727589485,-2.76777082483816
108,2017,36,0.58016366565107,0.0421863244011931
108,2017,37,0.616821881923194,3.02011832891049
108,2017,38,0.173034030029506,1.02485154845345
108,2017,39,0.248964518597911,-1.16589856556026
108,2017,40,0.336618312909556,1.63065689087737
108,2017,41,0.130480813398525,-2.88270330508893
108,2017,42,0.0592475107116824,-0.16428965069946
108,2017,43,0.476934772491157,-1.01249139911532
108,2017,44,0.378712633413902,2.85772744441097
108,2017,45,0.205266337307676,2.7648583312052
108,2017,46,0.454375396059733,-2.52672052110572
108,2017,47,6.76078491634483,2.28727951214813
108,2017,48,6.22986589403837,3.02821950925972
108,2017,49,0.721570119984727,0.437746564681611
108,2017,50,0.539045276351986,1.47706310866561
108,2017,51,0.970204599328428,1.78457609476998
108,2017,52,0.434616334337914,1.65963233757651
108,2017,53,0.0813241686620277,2.71922063325198
108,2017,54,0.372852208660243,0.103062449727433
108,2017,55,0.283664696300315,2.06576374506237
108,2017,56,0.659756796470563,2.36592764931911
108,2017,57,0.535562560209265,-2.65714825432411
108,2017,58,0.213893778521059,-0.556188011161286
108,2017,59,0.326307898870077,-3.0989597466651
108,2017,60,0.0545225601595267,2.46416843524029
108,2017,61,1.21821316676752,-1.77684909758904
108,2017,62,0.38691542220667,2.445308434667
108,2017,63,0.410482033081151,2.91401658231934
108,2017,64,1.3157186374295,0.684425654982761
108,2017,65,0.978018733861523,2.94516623105278
108,2017,66,0.331637516188763,0.440182709511531
108,2017,67,0.214143483086536,1.50486111375286
108,2017,68,0.410650326590924,-1.48026639043867
108,2017,69,0.829598186925203,-2.94412877121755
108,2017,70,0.716979701514656,-1.33694943452568
108,2017,71,0.993040380790354,-2.38249979569308
108,2017,72,0.185057332630838,-2.21447491451784
108,2017,73,0.962882336498721,-2.41355539472736
108,2017,74,1.71700924806087,2.29072584810158
108,2017,75,0.292697389633978,1.60098245516278
108,2017,76,0.720858844225636,1.93651834526232
108,2017,77,2.06949364007915,0.816412549116842
108,2017,78,2.79298162836184,-3.03588313313799
108,2017,79,0.841435505886533,-2.91358099736816
108,2017,80,0.843069369453534,-2.78401773300054
108,2017,81,1.22868977159156,-2.57539618632047
108,2017,82,0.902970270298402,-2.76457323532548
108,2017,83,1.28316208353778,1.88132931753458
108,2017,84,1.01360894129255,2.97795858791089
108,2017,85,0.756097148524602,2.83676918352117
108,2017,86,0.431297176348788,0.128008000199707
108,2017,87,0.956281840951269,0.155636692398203
108,2017,88,2.1255433996699,3.00758655782918
108,2017,89,1.82063661738651,3.06242747962486
108,2017,90,0.147057065215778,-1.71843570219293
108,2017,91,0.319941571453338,2.63417989106108
108,2017,92,0.291370152715438,-0.392610255557606
108,2017,93,12.0283647501631,-0.378808851188051
108,2017,94,0.956676080479389,0.165806691467909
108,2017,95,6.98292922848674,-0.104288034319358
108,2017,96,9.6904623357901,-0.229294627034403
108,2017,97,7.83070089184865,0.467912313717955
108,2017,98,2.7322634366572,-0.102768098162115
108,2017,99,0.115893968532981,-1.8325639859523
108,2017,100,0.129001401814243,2.83138120552691
108,2017,101,0.914717988046102,-0.707624762721802
108,2017,102,15.624666253504,-0.402720401782317
108,2017,103,6.42460467068875,-0.13428106220985
108,2017,104,7.34137294508579,-0.277136618438702
108,2017,105,0.429967897280856,2.16573594286255
108,2017,106,7.66169050681584,-2.11988147338531
108,2017,107,10.8623577524279,0.3163667957534
108,2017,108,7.25581545519354,-0.0965129551553927
108,2017,109,5.48932510140818,0.359295174693504
108,2017,110,5.61743428095994,-0.582267510610204
108,2017,111,0.911812149163994,2.43155280716579
108,2017,112,9.11708036174448,-2.20158804535382
108,2017,113,8.52985173095572,-0.0414087322494927
108,2017,114,13.8685821298534,-0.104019822987655
108,2017,115,7.46644317951962,0.153501223380479
108,2017,116,1.25294741665616,0.521253098404521
108,2017,117,1.69866647566333,-0.0873702709927393
108,2017,118,1.15137064267861,0.229617095124455
108,2017,119,5.0946803372675,-0.621348340428127
108,2017,120,1.29568840374395,0.395146890529263
108,2017,121,0.585829704672931,-1.82259621803162
108,2017,122,1.35357087833898,2.05760439130825
108,2017,123,0.606890973195705,-0.500365622730792
108,2017,124,0.0301711412404267,0.341287357838356
108,2017,125,0.00348564233367241,-1.86094990466952
108,2017,126,0.178643327568496,-0.719221763861915
108,2017,127,0.480494862484632,0.0810987484602972
108,2017,128,0.89889837409415,1.1792789687057
108,2017,129,1.06627006237031,2.99530150465443
108,2017,130,0.139409502756724,2.53560420479543
108,2017,131,0.340680873902615,0.206352081852805
108,2017,132,6.50081035396254,1.16628727971609
108,2017,133,36.1125790012321,-0.467287271301862
108,2017,134,12.2862792675579,0.00476148107644114
108,2017,135,18.0368252289022,-0.214785911145794
108,2017,136,1.70138611776433,1.49449589878331
108,2017,137,0.974904679033201,-1.5049338343129
108,2017,138,1.10621243471145,2.8668630104945
108,2017,139,0.0901206598794868,1.30043807528498
108,2017,140,0.139801548464258,-0.24082694463015
108,2017,141,0.122616122701153,0.363335811715629
108,2017,142,0.414978579935451,-2.66706327114588
108,2017,143,0.794236171965518,-0.956762829702581
108,2017,144,2.91955080018621,2.52279061576375
108,2017,145,1.80375906946176,2.72928820220009
108,2017,146,0.492892855913049,-0.271554893477671
108,2017,147,0.206402451524621,-0.670483246814984
108,2017,148,0.61804994441569,-2.81147196673786
108,2017,149,0.512930650378449,-2.56667962585504
108,2017,150,0.316939389612446,-0.786162824611154
108,2017,151,1.24501589782077,-2.97672289655255
108,2017,152,1.29371273889556,-1.79459152670244
108,2017,153,1.59594241105183,-2.80654064386994
108,2017,154,0.449355878844917,1.77654767548541
108,2017,155,0.697610347845746,-1.56083050571385
108,2017,156,1.32443698031473,3.08643352124318
108,2017,157,0.434137719210701,2.96153577855563
108,2017,158,0.288202974532267,-0.21959293896615
108,2017,159,0.881842072817008,-0.978904121090366
108,2017,160,1.92842646938256,-2.81988958960696
108,2017,161,2.3861152979057,3.00699634549972
108,2017,162,1.63589960905635,2.00015828719519
108,2017,163,1.15087956810689,1.8512970141786
108,2017,164,1.13437641546806,0.347841002282959
108,2017,165,0.906432791675754,-3.02796820114737
108,2017,166,0.146269690823774,-1.97537995838789
108,2017,167,1.03469198005578,0.466647342078933
108,2017,168,0.638150871748618,3.07503559926235
108,2017,169,1.05990044652968,-1.70759746984031
108,2017,170,1.63781304073159,3.00212032826058
108,2017,171,0.609115243678583,2.9047701954286
108,2017,172,0.526473448302939,2.02289774780179
108,2017,173,0.981574200470022,-2.55294776073091
108,2017,174,0.852926518371556,-3.10566243112336
108,2017,175,0.774470825432232,2.72734051317472
108,2017,176,0.371196538510858,-2.83466464938186
108,2017,177,1.0418411945894,2.88084738298771
108,2017,178,1.99627659085134,-2.29221090192984
108,2017,179,2.26325980680429,-2.70681137818812
108,2017,180,0.011361808628838,1.81670265576696
108,2017,181,0.705237974017688,0.981482788791239
108,2017,182,0.6118735103173,-2.41117644715612
108,2017,183,0.838320160325621,0.82275750207994
108,2017,184,1.46261123246023,0.0888926804990611
108,2017,185,1.19729774801302,2.96946850525431
108,2017,186,1.90582857577969,0.329757712049529
108,2017,187,1.87028960989895,-1.85140723153208
108,2017,188,0.249896715123683,-1.01012588528315
108,2017,189,1.00752248116281,-1.61360456713046
108,2017,190,0.386360728187434,-2.83944475164223
108,2017,191,0.978224964716489,-1.09712533190052
108,2017,192,1.02715035228321,1.25464524472296
108,2017,193,1.78540669265462,0.0783613958867235
108,2017,194,1.34382165395211,-2.80483049011901
108,2017,195,1.15236918004034,-1.4314279612615
108,2017,196,1.35229333053677,0.557695271534669
108,2017,197,0.555698835466297,0.465280125681203
108,2017,198,0.300899717209649,1.08548952266469
108,2017,199,1.39940535314533,3.13733875539751
108,2017,200,0.800432457725646,-1.6628566994535
108,2017,201,1.28859686916359,-2.20135519198341
108,2017,202,1.41473328083141,-0.284966944629474
108,2017,203,0.357721404262382,1.92703451056354
108,2017,204,1.29311789150148,2.11882655872528
108,2017,205,4.90166417451829,-0.732908420883873
108,2017,206,1.2768672134574,-1.70619595393284
108,2017,207,2.57527907125137,-2.29820175520094
108,2017,208,2.47121488094503,1.82734877788185
108,2017,209,0.226468817967864,2.2385914373287
108,2017,210,1.66046545798698,1.9564503097198
108,2017,211,1.58634222359774,-0.247202951769923
108,2017,212,2.40753955251138,2.4790040449133
108,2017,213,0.550438391608661,-0.702103643595906
108,2017,214,0.0308763604143061,1.20603016197128
108,2017,215,1.51494693049498,-2.30165408541151
108,2017,216,0.825892904116201,0.717195173903603
108,2017,217,0.749460010653707,1.07146679315564
108,2017,218,0.257884228241932,-2.08302772356864
108,2017,219,0.653747080440568,-1.554256108961
108,2017,220,1.11124416677119,-0.41897856985339
108,2017,221,0.759278365961714,-2.59385553513718
108,2017,222,1.01951912806095,2.12128727965561
108,2017,223,0.842944006892602,2.46585911301147
108,2017,224,1.6092570938794,1.39778083245313
108,2017,225,0.624762274429998,-2.88935710534512
108,2017,226,0.928286006421776,0.263662332385534
108,2017,227,0.969636785984972,-1.60597809346516
108,2017,228,0.226248284418601,-0.400162606945112
108,2017,229,0.493329510753798,-0.319126057729291
108,2017,230,0.64772514911683,-2.50655078251427
108,2017,231,0.232796499684766,2.61427830563685
108,2017,232,0.478689814897046,0.532109688798353
108,2017,233,0.290833576434583,1.16076967955105
108,2017,234,0.522397710397111,0.722437809055402
108,2017,235,1.12081136381044,-1.90422204140447
108,2017,236,2.49849761107196,1.50637386541837
108,2017,237,1.66843894591496,-2.48572419327439
108,2017,238,0.370327013286152,1.99509286128793
108,2017,239,1.19557562924759,-3.14102470979558
108,2017,240,2.73675702464817,-2.28688939069421
108,2017,241,3.05913972537437,3.04035208472884
108,2017,242,2.97082883567052,3.13399308463577
108,2017,243,2.34512810993003,2.81786446725419
108,2017,244,0.79922238459738,0.91666533648098
108,2017,245,1.12167686906752,0.422199341067905
108,2017,246,0.413518536049658,1.54745224449748
108,2017,247,0.773085711420741,0.391264654704855
108,2017,248,1.69245537463048,2.24193711655456
108,2017,249,1.3137975291804,-0.608454675632395
108,2017,250,3.04862667614931,-1.86678000387114
108,2017,251,2.00550216289091,-2.02220184858791
108,2017,252,1.67264065982658,-1.2877052514389
108,2017,253,0.125373399944739,-1.74893891650477
108,2017,254,2.09133622134323,-1.45001936073366
108,2017,255,2.00661099375474,-2.80802592770272
108,2017,256,0.463405094924188,-1.91885527528392
108,2017,257,0.147662203690299,2.12446691498483
108,2017,258,0.195645669918577,-2.62958468217192
108,2017,259,0.649331755127752,1.00526808603925
108,2017,260,0.624591769271068,2.87079076432869
108,2017,261,1.50310200622905,-2.56089947678833
108,2017,262,2.29182009633637,1.37589389136233
108,2017,263,0.438409076807747,-2.694860884026
108,2017,264,0.942278568929604,2.92787248941656
108,2017,265,0.240636885403717,1.25035563710618
108,2017,266,1.51835606762497,-2.34028705732619
108,2017,267,3.64590843029445,-1.84783760127991
108,2017,268,0.309008934535652,-0.646165994451717
108,2017,269,0.840077596510784,2.9273983104886
108,2017,270,0.702225750315239,0.297847152533427
108,2017,271,0.516912470636548,-0.0160355760544384
108,2017,272,1.76489913376657,-0.401748702023647
108,2017,273,0.410762233426422,1.0442745775789
108,2017,274,1.02843938428403,-2.135074851723
108,2017,275,2.32294146015517,-2.00739259140737
108,2017,276,1.11516349566223,0.118769327738959
108,2017,277,1.19640453634996,-2.73131484695272
108,2017,278,0.523795582928989,-3.00610672503942
108,2017,279,1.01930931992326,-1.56929274248468
108,2017,280,1.38637344121223,-2.506822920404
108,2017,281,1.05521113610802,2.20828838333416
108,2017,282,1.43999028134967,-1.80693672897157
108,2017,283,0.997708978236721,-1.44909757913169
108,2017,284,3.59845679801905,-1.99896782879796
108,2017,285,0.8488563301538,0.902713567236623
108,2017,286,0.802765540820687,0.169239766852504
108,2017,287,1.73729103352186,-0.996808007604699
108,2017,288,1.96785379979187,-2.70170408994902
108,2017,289,1.03390766248342,-0.858033717756226
108,2017,290,0.373569295766519,1.34891915929553
108,2017,291,1.43493255811351,2.30513467171972
108,2017,292,0.457580279505868,-2.60331949639094
108,2017,293,0.607633100019902,0.888257827719505
108,2017,294,0.496552646830125,-1.90207970184119
108,2017,295,1.60520056104022,-2.158800352262
108,2017,296,3.38112375975712,0.975117492594388
108,2017,297,3.79756345858457,2.82319978808031
108,2017,298,1.41867474929415,1.85083796197344
108,2017,299,0.170694050354232,-3.13943115260856
108,2017,300,0.181467457802943,-2.32324860893119
108,2017,301,0.978538197767498,1.91223601860247
108,2017,302,1.78470113980872,-1.41665804936477
108,2017,303,14.4217096515051,-0.160127178147366
108,2017,304,0.482516936385821,-0.264249357750027
108,2017,305,10.0612490697116,0.931987099488844
108,2017,306,26.2593586089317,-0.441522983156229
108,2017,307,18.1071549784148,0.376960697499742
108,2017,308,3.99180944727353,0.0992792798952049
108,2017,309,5.11076647176805,0.729190357723351
108,2017,310,4.07627055130862,-0.42436456250109
108,2017,311,7.07732833393232,0.0563239139800107
108,2017,312,9.02713914826516,-0.313667440374064
108,2017,313,4.60043554640133,0.128321375274139
108,2017,314,5.749475907608,0.0668479417206296
108,2017,315,3.40038349402935,0.0946354292119009
108,2017,316,1.27559524710531,0.0524398303655933
108,2017,317,16.4576073389016,-0.0811900640198155
108,2017,318,1.89037523770506,0.419319516825576
108,2017,319,14.46673439548,-0.452484707310838
108,2017,320,0.729425440605775,-1.24700259456819
108,2017,321,5.7781448542876,1.38219110314081
108,2017,322,18.448089423818,-0.291682899971738
108,2017,323,0.0993272801739325,3.02801419687343
108,2017,324,2.37442472131394,-2.71247669767658
108,2017,325,17.0448850374069,0.210585713274484
108,2017,326,7.95788311284227,-0.258942274407881
108,2017,327,1.61939748812917,0.163252164945177
108,2017,328,0.116622599561364,0.844225407133175
108,2017,329,9.38109719615588,-1.27868534200319
108,2017,330,6.6006356282977,0.334454117021127
108,2017,331,3.42330558765207,-0.156868578519072
108,2017,332,11.5283669537864,0.179657372235432
108,2017,333,0.19401434613656,-2.15454656091642
108,2017,334,0.260074038984684,2.03526234254338
108,2017,335,9.56326156456777,0.763830552301961
108,2017,336,0.946091556225594,-2.57010763340832
108,2017,337,0.762365360325956,-0.142831054298939
108,2017,338,0.0306567734835715,-2.20606720195383
108,2017,339,0.529461965578501,2.07937543211441
108,2017,340,0.692277054217892,-2.81750280831203
108,2017,341,0.699288300638689,-3.13195242416616
108,2017,342,3.03267192884402,-0.54255116148838
108,2017,343,4.81993984818729,-0.40439837263114
108,2017,344,0.235764084694109,0.582754712824867
108,2017,345,0.137632491488467,-1.94760762306065
108,2017,346,0.164396951134903,-1.86501158631463
108,2017,347,0.205542002358583,-1.38127135547554
108,2017,348,0.155999192427519,-1.5077380318406
108,2017,349,0.37468128503215,-2.54185352320257
108,2017,350,0.139038051568717,2.25802620207119
108,2017,351,0.281559362114967,-1.86262197774988
108,2017,352,0.0928634475028131,2.93881810570911
108,2017,353,0.0366661847073519,2.49750214493803
108,2017,354,0.189127791693193,-1.59656860128297
108,2017,355,0.135297638106027,-1.73518994112387
108,2017,356,0.0948042694218756,2.51414394034728
108,2017,357,0.100843657303999,-3.13365775924519
108,2017,358,0.550671399157584,1.77762080663219
108,2017,359,0.510809594858419,3.01838847108322
108,2017,360,0.646093549444632,3.07017968578919
108,2017,361,0.606813385757639,-2.8979662766295
108,2017,362,0.531080028620249,-2.98676349093986
108,2017,363,0.671651861720859,2.35140227082612
108,2017,364,0.634373088169681,2.46792663365925
108,2017,365,0.224776940212434,1.50135290783918
108,2019,2,0.0594902517431106,NA
108,2019,3,0.259553630287227,0.503047783560167
108,2019,4,0.279071110149547,-2.44775507196033
108,2019,5,0.543182746971848,-1.98448917529702
108,2019,6,0.570682413253968,-2.90166652430495
108,2019,7,0.423745415234015,2.1519233765162
108,2019,8,0.844164617932849,2.69393295727658
108,2019,9,0.599279150593776,-2.52409304063195
108,2019,10,0.110341913213925,-1.15419241993817
108,2019,11,0.566344393793414,-1.49836112265841
108,2019,12,0.672412413392324,-3.06410782856909
108,2019,13,0.622081316748988,3.07569755514294
108,2019,14,0.305084836114485,2.46369370664326
108,2019,15,0.717891563189979,1.55934659195255
108,2019,16,0.418670368975881,-2.91858252566221
108,2019,17,0.589243484298088,-0.109471867777861
108,2019,18,0.698063273309592,-3.12082543906357
108,2019,19,0.572367932239098,2.81978562973238
108,2019,20,0.265285190802872,2.84635130301177
108,2019,21,0.252197043548011,1.21162550117108
108,2019,22,1.06922993413447,1.5699862485301
108,2019,23,1.16179191033528,2.81277446241632
108,2019,24,0.771281033245856,1.61500470748561
108,2019,25,0.671739555942308,2.76617044717942
108,2019,26,0.34061850528841,0.899475552520418
108,2019,27,1.28650600968485,-1.37780688315324
108,2019,28,1.29585203336092,-2.98284259604614
108,2019,29,0.421145985132273,0.674810814199388
108,2019,30,0.945291487123173,-0.582713434536728
108,2019,31,1.51204462962466,2.78686197304373
108,2019,32,0.884610181443034,2.29302959754194
108,2019,33,0.287733963943757,2.78949371604639
108,2019,34,0.338542502123507,-0.954203234054501
108,2019,35,0.637865972924235,-2.49282298300444
108,2019,36,0.182403039199481,-2.78313457643646
108,2019,37,0.0373612562370378,1.3246835539495
108,2019,38,0.0274483117628663,-0.721330278192648
108,2019,39,1.57499092722106,-2.64195948282672
108,2019,40,0.676224553514116,2.43449886009737
108,2019,41,0.564183354732005,-1.75027335858295
108,2019,42,1.43222811761296,2.91892970258887
108,2019,43,1.38491453949889,2.58315657029672
108,2019,44,0.0813496761371421,-2.76470033565091
108,2019,45,1.24665411026133,-0.478561508782752
108,2019,46,0.407548479680571,1.26062105725038
108,2019,47,0.655047693928253,2.33354885089181
108,2019,48,0.625863062326581,-0.36034857395729
108,2019,49,0.208716566324513,-1.46961203582584
108,2019,50,0.448920660675739,1.74604544968552
108,2019,51,1.79565902081638,2.92879599652211
108,2019,52,0.17924325639892,-1.92362660857575
108,2019,53,1.31860457754805,-0.634344345832625
108,2019,54,1.72546480088541,-1.46588292637922
108,2019,55,1.25823183441864,-0.679084746559916
108,2019,56,0.61065043618321,-2.91193984523853
108,2019,57,0.420705761731048,-3.11005683874498
108,2019,58,1.76217181698214,-3.02684203877065
108,2019,59,0.184925806357005,-1.44540143281635
108,2019,60,0.39131655456329,0.596247042896834
108,2019,61,0.922764429681682,-1.88991600121732
108,2019,62,1.02324473117205,-2.55370886972023
108,2019,63,1.70555254161069,2.10792361840375
108,2019,64,0.635907107249588,2.58470188504403
108,2019,65,1.44739410464747,0.468135946354548
108,2019,66,0.820605350908645,-2.59113891911806
108,2019,67,0.990024036937623,-2.72024734622505
108,2019,68,0.543721806646934,-2.4188665100537
108,2019,69,0.309821650183483,-1.61126696041798
108,2019,70,1.49575054591178,-0.193184140323765
108,2019,71,1.20904764169896,-0.454939907978409
108,2019,72,0.111728264557366,-2.89832572825838
108,2019,73,0.0561595196739405,2.00837543334002
108,2019,74,1.92692416168335,-1.93726682493078
108,2019,75,0.701768284283995,0.63030102375158
108,2019,76,0.0746716017713601,-0.44192237301991
108,2019,77,0.60904828910077,-0.542618461411056
108,2019,78,0.756859064868004,-2.04270867023221
108,2019,79,0.482631963996791,-3.10456484609199
108,2019,80,1.87333165159801,1.08021179967085
108,2019,81,0.587002839555231,2.57995659376725
108,2019,82,0.780820338287506,0.622752732254118
108,2019,83,0.774384005661461,-1.3954970584591
108,2019,84,0.771509826306871,2.0010626904136
108,2019,85,0.134118972517364,-1.55295846439946
108,2019,86,0.704786568733466,-2.45995593219237
108,2019,87,0.417787605584428,-0.0548916250596525
108,2019,88,0.391445677262616,-2.45432875437529
108,2019,89,0.192401934334025,1.4267643380279
108,2019,90,1.12284337321265,-2.98488979144137
108,2019,91,2.17357113936091,-0.718494824388491
108,2019,92,0.17598957851618,1.69290721457244
108,2019,93,2.49650200267697,1.82012052520178
108,2019,94,0.18536538578104,0.521320714287532
108,2019,95,0.520275844959938,-1.64966272398995
108,2019,96,0.373691594067114,2.7195004374011
108,2019,97,0.490736852878822,-1.90927459032552
108,2019,98,2.99596095235054,-2.98473030253489
108,2019,99,0.757907345103315,0.75345476708052
108,2019,100,10.8607076108792,-0.747976589206674
108,2019,101,7.66922722467237,0.176339647503645
108,2019,102,10.2337022462571,-0.283668688867854
108,2019,103,3.28849700898552,0.36610031815347
108,2019,104,5.76742347540943,0.174245103133845
108,2019,105,2.3719823295375,-0.275010630070263
108,2019,106,15.6766003807584,0.0673234440342201
108,2019,107,10.8980936772125,-0.422136392207138
108,2019,108,9.57092350354346,0.0991729003589903
108,2019,109,17.9836924690059,0.0949052305803786
108,2019,110,19.3645490505494,0.071955850375419
108,2019,111,10.5587928631905,-0.116854272730589
108,2019,112,19.0316516878399,-0.0179971953176503
108,2019,113,6.00327130388847,0.396111844428717
108,2019,114,6.21395711689596,-0.0703414930132338
108,2019,115,1.46462119282328,-0.567218996134153
108,2019,116,0.600032451644715,-1.01066795816266
108,2019,117,0.163414177009476,0.831420491091353
108,2019,118,0.539964121398326,2.37712728434732
108,2019,119,0.50291086159805,2.14386426299942
108,2019,120,15.6694611223609,1.83331440326826
108,2019,121,38.6443167530513,-0.235103214241772
108,2019,122,17.6764488938103,-0.159297636710113
108,2019,123,0.921895946184631,1.03490041091723
108,2019,124,0.538904993872922,-1.87943444064468
108,2019,125,0.807850860084828,0.826881802561183
108,2019,126,0.811650107302782,3.13619124887856
108,2019,127,0.80780562792985,1.35449087156938
108,2019,128,0.817980690003054,2.20781889059938
108,2019,129,0.738547477978016,2.05264347715754
108,2019,130,0.690533167168505,-2.05394854718887
108,2019,131,0.405475938551213,-1.24676743364373
108,2019,132,1.45183972802809,-1.41051977536068
108,2019,133,1.64904408870704,-3.08758415894358
108,2019,134,0.176979168306686,1.883949255021
108,2019,135,1.06470646174456,-2.83131448865339
108,2019,136,0.489545929575491,-2.60578447942809
108,2019,137,0.447360611639709,-1.67304936198913
108,2019,138,0.156841118316078,-0.00235554826771889
108,2019,139,0.097789052926815,2.87436901864877
108,2019,140,1.21440191010197,-0.973568628520081
108,2019,141,0.811795712297802,-0.109583175021271
108,2019,142,0.636785647692029,-2.04614167321999
108,2019,143,0.20470660671518,0.947959410225964
108,2019,144,1.21314449428899,-2.33692401677727
108,2019,145,0.63955240448678,-0.262242780971818
108,2019,146,2.4651436551419,-2.9555914454426
108,2019,147,0.503306330407887,2.7131215154784
108,2019,148,1.64951999577081,0.311909382819842
108,2019,149,1.2591371503319,-3.14109628785215
108,2019,150,1.70507901335509,-2.74404125129807
108,2019,151,2.23602884077968,2.94755947297773
108,2019,152,0.880570723101307,-3.12323353355737
108,2019,153,0.447294132543361,1.03485452930487
108,2019,154,1.88598732355142,1.72615650959716
108,2019,155,1.14720299289018,2.31099055680191
108,2019,156,0.37664489022509,0.761053973350285
108,2019,157,0.383643104090746,1.80871212818286
108,2019,158,0.308296901644403,-2.47421598703625
108,2019,159,0.82427139046342,2.41166435873377
108,2019,160,1.84034535877394,-2.34811325442094
108,2019,161,1.87242366259334,-2.81228812693211
108,2019,162,0.715995537895371,-0.506732504139393
108,2019,163,0.701625881911521,2.07299908247426
108,2019,164,0.32725541430855,2.87719452315317
108,2019,165,0.825400366158356,-2.16214269050849
108,2019,166,0.497868337798016,1.55464855083875
108,2019,167,1.31874501568971,2.13863207578936
108,2019,168,1.60731773869302,2.95088540598591
108,2019,169,0.329700917185118,1.03807092546625
108,2019,170,1.85400679619884,2.38059738889636
108,2019,171,0.471395141355168,2.3917476315545
108,2019,172,1.18139962203583,1.360782773572
108,2019,173,1.16211679526986,-2.833631514615
108,2019,174,0.203871471056823,-0.236579946606597
108,2019,175,1.33955731422277,2.50022863864814
108,2019,176,0.765679776174977,1.07943707868988
108,2019,177,0.367267707044782,0.135250900456457
108,2019,178,0.331052895078649,0.619476466855376
108,2019,179,1.0088191516671,2.28945819984895
108,2019,180,0.96071740858498,-0.869127487416815
108,2019,181,0.744531175209447,-0.850951399036202
108,2019,182,0.578031365293764,-1.25118303900635
108,2019,183,0.644291717066416,2.88840695419781
108,2019,184,0.210033347002885,0.980738081305933
108,2019,185,0.546300654910125,0.645057416138741
108,2019,186,0.243177510787026,-1.6457581952856
108,2019,187,0.120052165689875,0.787878307991195
108,2019,188,1.03409105581514,-2.57959310218477
108,2019,189,2.29445503750722,-2.08318956574908
108,2019,190,2.45024679400749,2.64344924940781
108,2019,191,1.70944964511417,2.84550777846312
108,2019,192,1.10567994004804,0.270149206252449
108,2019,193,0.857623999490514,-2.93965277814454
108,2019,194,1.16156480104997,0.871507288005858
108,2019,195,0.187864113033283,-2.32133785838685
108,2019,196,0.242698128759977,1.31613278315638
108,2019,197,0.874483232512657,-1.15597780895348
108,2019,198,0.210281553558604,3.00560166237436
108,2019,199,0.184959322492407,-0.63793874301343
108,2019,200,0.130358301506118,-2.77475689584803
108,2019,201,0.775212112114925,-0.600672216212065
108,2019,202,1.02265569126854,-2.71059497779675
108,2019,203,2.03814397332922,2.3902641003637
108,2019,204,1.70136353640687,-0.609703089745088
108,2019,205,0.884613898259112,-2.723640632172
108,2019,206,0.847481814674487,-0.626871510304405
108,2019,207,1.03468877652966,0.380422207508991
108,2019,208,1.33210854948173,1.55918831538109
108,2019,209,0.96301919325112,2.89343628385382
108,2019,210,0.771494055500771,-1.21218363899725
108,2019,211,0.365553224014489,-2.67324546521378
108,2019,212,0.407050132397924,-1.21988164301579
108,2019,213,0.779305719172946,-2.120966368111
108,2019,214,0.448197391198423,2.14136444063606
108,2019,215,0.492929109621928,0.342540709156074
108,2019,216,2.05910199008993,0.160892858103308
108,2019,217,2.30636081148168,-2.95090658257946
108,2019,218,1.25859623781906,1.68323138380841
108,2019,219,0.17448635557104,0.843312629378954
108,2019,220,0.822716548473102,-0.478782631995333
108,2019,221,4.68528018738555,-2.38027870235205
108,2019,222,0.99525855589008,-1.59466612339392
108,2019,223,2.2512358361962,1.5581897995434
108,2019,224,0.517263798252516,0.513795403185406
108,2019,225,0.395484014879443,-1.66891163356486
108,2019,226,0.710430909218833,-3.09508157069891
108,2019,227,0.915947066890773,2.2531264129588
108,2019,228,0.417637116141189,-2.94539189777412
108,2019,229,1.63464585250294,-2.42784016758451
108,2019,230,1.51224816132961,-1.39139788283506
108,2019,231,0.0456568231028888,-0.105430181919218
108,2019,232,0.172482358738999,-1.86442701600126
108,2019,233,0.239067915878002,-2.07262313671915
108,2019,234,1.4281495258465,0.943737110408342
108,2019,235,1.91128666343145,2.61091190875477
108,2019,236,1.5979306024783,-2.69670396015233
108,2019,237,0.630529272766649,-1.08738113046069
108,2019,238,0.0610201947899257,3.04883655481027
108,2019,239,1.17048383637966,0.922672017793072
108,2019,240,0.921765609341232,1.55145378001967
108,2019,241,0.521619352827553,1.4591795242968
108,2019,242,0.401948468736788,-1.03444329206449
108,2019,243,0.250235331421207,-0.490719233238903
108,2019,244,0.319747450281278,0.495317276483074
108,2019,245,0.538561815533955,-1.85347288180912
108,2019,246,1.07865365651873,-0.738037485246606
108,2019,247,1.72924032714365,-3.06033309931104
108,2019,248,0.530732164325478,-2.1904499959233
108,2019,249,0.63719127099012,-1.82485944797266
108,2019,250,0.497052571697123,-1.51392542168898
108,2019,251,1.44922741784996,1.30426020675619
108,2019,252,1.45134446649346,2.85867779984156
108,2019,253,0.481620389808437,-2.94973654629068
108,2019,254,0.255445010803202,2.46413242498402
108,2019,255,0.0946014802162104,0.340651897635646
108,2019,256,0.75006364082262,1.22696525907558
108,2019,257,4.0372336247466,-1.79937415655816
108,2019,258,8.87995611144577,-0.405686076179046
108,2019,259,1.59718447334048,-2.34091767659487
108,2019,260,0.137755710900895,-1.26792203922092
108,2019,261,0.829653753892054,0.727238850081953
108,2019,262,1.16225911461707,-0.0851537043362987
108,2019,263,0.733108771874186,2.42066782423489
108,2019,264,0.347992802158454,1.65107957743572
108,2019,265,3.5620689631559,0.103337589184972
108,2019,266,1.70864539326043,1.7113940188338
108,2019,267,0.534779337587252,-2.80118250807547
108,2019,268,1.09648781452888,-2.26182922843528
108,2019,269,3.51794813074917,-0.601088895072896
108,2019,270,0.965196257377572,0.746688625202705
108,2019,271,2.06194762355362,-1.23183791364229
108,2019,272,0.0665746043120312,-2.77101623846747
108,2019,273,1.95233445969887,0.804933810135491
108,2019,274,6.05320128200965,-0.493690667970375
108,2019,275,0.916677221640351,0.41531258894197
108,2019,276,0.619836469780248,-2.57596738965569
108,2019,277,1.03498323915451,0.713569496055099
108,2019,278,0.539953702782749,-0.705270946495109
108,2019,279,2.1703950511419,-2.19381628722163
108,2019,280,0.976377054864867,-2.31094370930918
108,2019,281,0.658590528342765,-2.62875848249191
108,2019,282,1.28981541648777,2.49751533195264
108,2019,283,2.74638257851417,0.482853607619513
108,2019,284,15.8126370002899,-0.261532942534263
108,2019,285,11.3445872697699,0.00430664513535572
108,2019,286,19.1023925590433,0.323597242699245
108,2019,287,12.8618210346125,0.316125277665753
108,2019,288,7.33813385457435,0.410167528878056
108,2019,289,6.06171139891565,0.0812524467499696
108,2019,290,2.16616578630452,-0.339472892727072
108,2019,291,5.63973826751672,0.260107954714873
108,2019,292,1.72447054424726,-0.531163477368233
108,2019,293,1.67708701086841,-0.271333625578687
108,2019,294,8.99864911674621,0.652598620489677
108,2019,295,7.45284826829462,-0.212812991323434
108,2019,296,2.04947751026922,0.573912489756225
108,2019,297,11.3134245334175,-0.328141988160914
108,2019,298,5.81256668924907,0.0653859234404091
108,2019,299,1.54488396312186,0.490589523610458
108,2019,300,1.65142881898865,-0.16388711843611
108,2019,301,6.93838866620157,-0.52025367024453
108,2019,302,3.81559654686183,0.591919978752912
108,2019,303,0.794559134640594,1.03871744204013
108,2019,304,0.91877048769643,-2.01894525516982
108,2019,305,6.51875618132097,0.415599624982851
108,2019,306,5.65955046889751,-0.197918325331324
108,2019,307,0.409348002604253,1.20936043983999
108,2019,308,0.220629801541912,2.89742780124295
108,2019,309,0.49485437960631,-3.0549702347031
108,2019,310,0.0579818448843747,2.90746285703496
108,2019,311,0.608750765182304,0.302758389074408
108,2019,312,0.0382420214788222,-1.30187778596209
108,2019,313,0.12076099667867,3.09709728220545
108,2019,314,0.321291577654955,1.78351086085191
108,2019,315,0.386627607464588,-2.14374224781775
108,2019,316,10.8481162036123,0.719015849143507
108,2019,317,4.03301468455153,0.13666876627985
108,2019,318,0.547481937937884,-1.77155767917597
108,2019,319,4.90067748865593,2.1275617964572
108,2019,320,0.413580976028586,-0.51268497030089
108,2019,321,16.6535057008222,0.541461052237724
108,2019,322,7.24689899617371,-0.236335448187665
108,2019,323,0.112051581591631,2.66497441025967
108,2019,324,9.30616391291512,-2.95063728024555
108,2019,325,1.93949474442319,0.34490059490171
108,2019,326,4.81346428096031,0.0158189210947288
108,2019,327,0.966592994151285,-0.532039685970259
108,2019,328,5.45429319892447,0.477075224219633
108,2019,329,1.4258154233976,0.299087327859465
108,2019,330,0.040085594081117,2.97106203171562
108,2019,331,0.496854713500986,1.08509990924351
108,2019,332,8.04912756541492,2.06221827894425
108,2019,333,1.05112071030926,-2.5630727618212
108,2019,334,0.0484514330669411,-0.470848673175955
108,2019,335,0.353592147289177,-2.32305787853409
108,2019,336,0.382063856866994,-2.65797233030035
108,2019,337,0.353165742022827,-2.9235062106548
108,2019,338,8.80916813682336,-1.17378086452195
108,2019,339,0.959782787996544,-2.63808647447247
108,2019,340,0.0773674896100779,-0.79036177932902
108,2019,341,0.00915273789478386,-2.82935443038244
108,2019,342,1.95339993429553,-3.11290470532711
108,2019,343,6.02180189936165,-0.123430334815885
108,2019,344,0.0612759096146196,-1.79912598851788
108,2019,345,0.202287848189895,-1.56715905265842
108,2019,346,0.240097847951437,-2.53543911156648
108,2019,347,0.044567630416316,3.02884702201223
108,2019,348,0.152103363964368,0.0555102946558441
108,2019,349,0.323103452695183,2.62755937110291
108,2019,350,0.335022754788317,-3.03180550631874
108,2019,351,0.572495054978749,-2.59670715966147
108,2019,352,0.351423182042141,-2.78229090417233
108,2019,353,0.0209363579536856,-0.834529590936926
108,2019,354,0.312834142743693,0.224401440122916
108,2019,355,0.0700059646498253,-0.860218103411091
108,2019,356,0.485153135572242,2.81033828958951
108,2019,357,0.322701634580605,2.78238864511628
108,2019,358,0.271117973336848,2.97135733133776
108,2019,359,1.01734575364309,1.99984576607425
108,2019,360,0.510791300223202,2.57663397086043
108,2019,361,1.47042338082936,-2.520106739877
108,2019,362,1.58973006760608,3.10104865308242
108,2019,363,0.477522282416826,2.19987298091172
108,2019,364,1.26051159113337,1.46037818070059
108,2019,365,1.38651541871492,2.77429679800151
108,2019,366,0.348005745102443,-1.3932780158707
260,2020,2,0.17875599516217,NA
260,2020,3,0.144144952963628,2.71640116065898
260,2020,4,0.214567189820372,1.44050360739873
260,2020,5,0.199671486532919,-2.48361958405921
260,2020,6,0.205492028228264,-0.0401635378726706
260,2020,7,0.238159640839831,-2.69171998995344
260,2020,8,0.161136652286221,-2.42331853650953
260,2020,9,0.140862107877427,-1.56189335096645
260,2020,10,0.153330292950607,2.8305364887076
260,2020,11,0.274111435230779,2.13447476832719
260,2020,12,0.315449750931887,2.71455105277362
260,2020,13,0.27421498838991,2.97331771284795
260,2020,14,0.110046463959537,-2.67744278770451
260,2020,15,0.152609931768774,-2.83503929928866
260,2020,16,0.0524711897552964,-0.505717100669905
260,2020,17,0.291680886690269,2.94796091871163
260,2020,18,0.400671105075043,2.3054842854896
260,2020,19,0.274204476908803,2.41788254060616
260,2020,20,0.046537101983785,0.616280827175423
260,2020,21,0.293643193571073,2.88427163039641
260,2020,22,0.112955559559758,-2.07702065086829
260,2020,23,0.0723033100062041,-0.619553668101238
260,2020,24,0.0941164126846389,0.372005360572954
260,2020,25,0.264666881699044,2.86818403410125
260,2020,26,0.17143901307665,2.95903040739761
260,2020,27,0.0601109251603153,-2.96120565451035
260,2020,28,0.1054794170985,2.57766791396318
260,2020,29,0.196796425573222,-0.713057236902731
260,2020,30,0.284464735322121,-2.90294108571281
260,2020,31,0.0570843386506684,2.65828654027159
260,2020,32,0.12448645811702,1.72198817736321
260,2020,33,0.128610013316798,3.11717623885276
260,2020,34,0.00862994833959324,1.62019664801106
260,2020,35,0.0774434808457056,-3.05431179062546
260,2020,36,0.181472687412891,-1.87715072075281
260,2020,37,0.15752690353142,-1.59597351337669
260,2020,38,0.34473472528672,-2.36019096369655
260,2020,39,0.296578450280811,3.13829153317432
260,2020,40,0.0315732494384751,-3.129553384087
260,2020,41,0.14171502770037,2.39113496108299
260,2020,42,0.247952847399499,-2.60587837141567
260,2020,43,0.289550638636923,-2.75104728865672
260,2020,44,0.249226782207682,3.09322581125779
260,2020,45,0.317028489029734,1.88881591818779
260,2020,46,0.309208203596702,-2.99770800015506
260,2020,47,0.295547083100163,-2.00363349600618
260,2020,48,0.257058687723103,2.29044442595447
260,2020,49,0.183210265558136,1.70454035233778
260,2020,50,0.115908694333785,-0.343273257390285
260,2020,51,0.100154474101851,2.55752108101588
260,2020,52,0.050474308253544,2.23557973613599
260,2020,53,0.113062782617034,-0.743343813053998
260,2020,54,0.142294590374084,2.73152941968618
260,2020,55,0.081890673275759,2.48666525001435
260,2020,56,0.741638799706013,1.39034897285756
260,2020,57,0.46854952821792,-3.0222208520652
260,2020,58,0.463588243806587,-2.87774302693094
260,2020,59,0.196390215132322,0.531284328602323
260,2020,60,1.09495084132016,2.57220403037161
260,2020,61,0.821845091386247,2.86792266175657
260,2020,62,0.727468098671135,-3.09039689385974
260,2020,63,0.20369765464201,-2.51808216596605
260,2020,64,0.413999259275199,-2.66396252578978
260,2020,65,0.361661675060752,-2.94982053859955
260,2020,66,0.0407268370962007,-2.80230486115477
260,2020,67,0.115549053096762,2.19697239774218
260,2020,68,0.234197565828401,-2.93465460358161
260,2020,69,0.267346096189679,2.25586177026553
260,2020,70,0.286163484491964,-2.62343513737752
260,2020,71,0.341878485517516,-0.882555349757505
260,2020,72,0.0393311755780371,-2.34785494803658
260,2020,73,0.0745816116389608,-1.68560205156294
260,2020,74,0.11309118242773,2.42171799717859
260,2020,75,0.129713357886739,-1.03005348190979
260,2020,76,0.0947178978260163,3.08441343406132
260,2020,77,0.606402066306601,2.79290724426218
260,2020,78,0.535249567078012,1.08924953474133
260,2020,79,0.172777296275706,-0.0778006314669248
260,2020,80,0.368973355210332,-2.08284954305681
260,2020,81,1.22532716066276,-1.74044551721985
260,2020,82,1.26336251783063,3.08706640732675
260,2020,83,0.400420713715313,2.13082289173644
260,2020,84,0.224336052569643,2.78716858372556
260,2020,85,0.12367147405609,-0.970157805132653
260,2020,86,0.265593548806695,2.22559499025182
260,2020,87,0.544040265793798,3.10174937155454
260,2020,88,0.608902331269788,-0.0318691385873437
260,2020,89,0.453872832053978,1.06007460822176
260,2020,90,0.596795066245946,3.12883968034018
260,2020,91,0.424917074938952,-2.21561686636876
260,2020,92,0.183403160846939,1.81374345767236
260,2020,93,0.89047190744008,0.435296624286424
260,2020,94,0.893446897755816,2.60721114231043
260,2020,95,0.900156514652909,-3.06549604065639
260,2020,96,1.06798518355908,-2.73777834481165
260,2020,97,1.01283576454265,2.86199665295615
260,2020,98,1.02097749937489,2.73696033746751
260,2020,99,1.00024147168173,3.11712743330229
260,2020,100,1.13080527176471,-2.95850065395523
260,2020,101,0.918746414933538,2.99107331432847
260,2020,102,0.207229282747008,-1.59125742187068
260,2020,103,0.171319430503974,1.90214222507976
260,2020,104,0.912498591589309,2.60884463270906
260,2020,105,1.01009226984613,3.05014762321925
260,2020,106,0.999758284263778,-3.07355274256895
260,2020,107,0.782115848229676,-2.85926526623968
260,2020,108,0.557412977833525,-2.42762370813639
260,2020,109,0.260424566030607,2.16620877104491
260,2020,110,0.452157975880079,1.43158955847363
260,2020,111,0.228231306348946,-2.86879963456665
260,2020,112,0.45941678684203,-0.446981400928934
260,2020,113,0.799129955196189,-3.10739651816073
260,2020,114,0.158635742685661,2.47038042186415
260,2020,115,1.17630688661848,-0.225709135023129
260,2020,116,1.10437898688997,-3.09869471741166
260,2020,117,0.250274891254356,-2.4025857567667
260,2020,118,12.9999057715474,0.088781985497925
260,2020,119,12.3259408416578,1.68178718603555
260,2020,120,10.3332256252592,-0.342316963209513
260,2020,121,12.8362532222536,-0.979928435378029
260,2020,122,9.49818114128405,-0.634405444554659
260,2020,123,18.4110045680706,-0.0296505967890903
260,2020,124,18.426853765432,0.0898798601103481
260,2020,125,10.6083979234099,-0.0328069370701645
260,2020,126,17.5220813606724,-0.190987285121768
260,2020,127,5.23365139262933,0.0730527054647165
260,2020,128,5.61846210707811,0.387341750647615
260,2020,129,2.70458989256794,0.557335453890634
260,2020,130,1.76210406486023,2.97163886587914
260,2020,131,3.8213725816286,2.64598005626222
260,2020,132,0.832118041956432,0.631101159849729
260,2020,133,5.12474887268041,-0.917069356080638
260,2020,134,49.6130806841962,-0.420029633000153
260,2020,135,21.9657995211671,-0.239612147688321
260,2020,136,2.14238126564603,0.193507151144548
260,2020,137,2.13152461196171,-0.375719096263528
260,2020,138,0.873102090360081,-2.52609392806866
260,2020,139,0.371343121040219,1.56234030407682
260,2020,140,1.58675208563934,-2.56284019577722
260,2020,141,1.9711890433506,-2.58288886406404
260,2020,142,1.2932054772612,-1.93205341073215
260,2020,143,0.743994498761216,-2.3850796058564
260,2020,144,1.88463912070014,0.787761805135917
260,2020,145,0.474211331088538,2.47196103322615
260,2020,146,0.533698745932608,1.38038523087359
260,2020,147,0.516285232932705,-1.19654268200172
260,2020,148,0.40789535407313,1.02925228914295
260,2020,149,0.884919165795771,-0.974758576385021
260,2020,150,0.0935381608411939,-3.01078950939791
260,2020,151,0.363991488283164,3.04151417550599
260,2020,152,2.21067738372592,-2.93302873226345
260,2020,153,2.14438393529852,-2.58268031832745
260,2020,154,1.92284550336704,-2.88789576875409
260,2020,155,1.12892409120124,-1.03058766693963
260,2020,156,2.2410865566814,-2.92419968540952
260,2020,157,0.105041474894082,2.00314413934629
260,2020,158,2.18084871459456,1.16584670310942
260,2020,159,1.7931542311079,-3.02396366186266
260,2020,160,1.40965115756642,-3.04264749825592
260,2020,161,0.413601565023517,-1.47871797372295
260,2020,162,0.840103527057931,-1.85547315259605
260,2020,163,0.11229363536397,-2.12618390545545
260,2020,164,1.0872606585993,-0.856784120472792
260,2020,165,2.26233834809921,2.96560833827386
260,2020,166,1.90703353859411,3.03640210799355
260,2020,167,1.42768230579898,3.0251019553214
260,2020,168,0.452727819955807,0.247002138706207
260,2020,169,1.01941465290602,0.652551098545842
260,2020,170,1.22168802296743,2.81271964293584
260,2020,171,0.831138876861973,2.91729205757193
260,2020,172,0.771891669228169,2.98148505001994
260,2020,173,0.904694625461101,3.04252959686782
260,2020,174,0.786593598516645,2.89539530860673
260,2020,175,0.993733757008382,0.545489646918808
260,2020,176,0.596301389750231,1.6201323407754
260,2020,177,0.506088714592194,2.29863328022916
260,2020,178,0.252575816394453,1.7313034986837
260,2020,179,0.672708357069254,0.835791354328894
260,2020,180,1.44772200832815,3.05128406904366
260,2020,181,1.86693451417971,2.79406087674476
260,2020,182,2.19398584201725,3.03785616211846
260,2020,183,0.070430557442264,-0.886275794112006
260,2020,184,0.47235021337306,-2.81121920936677
260,2020,185,0.604889140822037,1.79815263519247
260,2020,186,1.09129153936858,-1.16634628188007
260,2020,187,0.627161592726942,-2.78532309637004
260,2020,188,1.01738788379064,-0.278424511278386
260,2020,189,1.5555939457105,-3.03661471500992
260,2020,190,1.70234972396817,-3.05303995838163
260,2020,191,1.69181182391333,-2.97806610910717
260,2020,192,0.498573172695923,-1.82962015997762
260,2020,193,1.11508544609609,-1.91466597840991
260,2020,194,1.25919617442305,-2.80643611768591
260,2020,195,0.692695450218706,-2.8317595306541
260,2020,196,0.726798917289267,2.72130994766151
260,2020,197,0.121422691251774,2.04182054213461
260,2020,198,1.3606317803289,1.01810562000903
260,2020,199,0.66976207050659,0.614437978937941
260,2020,200,0.0762418445054144,1.56383376931784
260,2020,201,0.695654411716724,1.08934372214634
260,2020,202,1.18226797540332,0.226186069095104
260,2020,203,0.676106516433158,-1.30394209230248
260,2020,204,1.07931839977072,-2.52333062359218
260,2020,205,0.268163649338558,0.650205053303941
260,2020,206,1.10325822506044,-3.08111383843812
260,2020,207,1.48867008397469,2.96155032155875
260,2020,208,0.115283814147462,-2.67956294101369
260,2020,209,0.477452345486433,-3.11380529694839
260,2020,210,0.463906839593773,3.13314679272869
260,2020,211,0.405843048466931,-3.04566592127913
260,2020,212,0.23303035923092,0.194397003978679
260,2020,213,0.459184711299579,-2.99852150601765
260,2020,214,0.338721314055224,2.4224893785304
260,2020,215,0.686877347219572,2.81087412427746
260,2020,216,1.19665195045443,0.0556538818646222
260,2020,217,0.150715549984082,1.11951272928789
260,2020,218,0.264490870058758,1.46087167349742
260,2020,219,0.58838862666218,0.548915269042434
260,2020,220,0.070142348068403,-3.06373275069004
260,2020,221,0.429801268817563,-2.68913097814862
260,2020,222,1.55973210246916,-0.117336333296432
260,2020,223,1.51031006948104,3.13418974360277
260,2020,224,0.858218187046283,0.00913626520688449
260,2020,225,0.310686433642873,-1.51117074748237
260,2020,226,0.964504621794951,-1.92508466281206
260,2020,227,0.408509126829237,0.174144144026419
260,2020,228,0.179891972622741,-0.710105186585871
260,2020,229,0.390640837905554,-2.18689373335995
260,2020,230,0.681257148300541,-0.4297690538975
260,2020,231,0.556932026250332,-2.78269067423195
260,2020,232,0.751080669435266,-1.9078954235921
260,2020,233,0.719998348595535,-2.02998369884063
260,2020,234,0.412170634852645,-1.81744944447646
260,2020,235,0.584565977889355,-1.13520312765712
260,2020,236,0.549749039626678,0.835886280248457
260,2020,237,0.300182103389104,-0.410561855151127
260,2020,238,0.758972806916463,2.98376232714542
260,2020,239,0.774934106865239,0.292942430833244
260,2020,240,0.505574468525313,-1.83952997713098
260,2020,241,1.19922305201453,-1.95320022753104
260,2020,242,0.114927526579462,-0.0886641569570656
260,2020,243,0.611055651870018,2.79279327730578
260,2020,244,0.486677393141972,3.03053208251122
260,2020,245,1.63943940306331,-2.25043354526439
260,2020,246,1.16685037862303,2.6421557744357
260,2020,247,0.506665925620087,1.43914978171107
260,2020,248,0.357377050652143,0.991444999836423
260,2020,249,1.07170383945332,-1.3267797801265
260,2020,250,0.186113569588392,2.0644649157221
260,2020,251,1.03150657027552,1.95426288624697
260,2020,252,0.691603384188395,-1.81787601029972
260,2020,253,2.13895428951204,0.416790111521117
260,2020,254,1.50980885183214,3.01085438639305
260,2020,255,0.0928924948681547,-1.54632424288912
260,2020,256,0.139119176807573,-0.602116704142238
260,2020,257,0.858434289981864,2.24649106757323
260,2020,258,0.963790619001168,0.693353720867825
260,2020,259,0.116404737598715,3.04525681436612
260,2020,260,0.186114835981158,-0.530760004330394
260,2020,261,0.683509271098071,-2.04318653242357
260,2020,262,0.0498698972999613,2.35831538412207
260,2020,263,0.0448594637708281,-2.33710336310965
260,2020,264,1.3105168112391,2.62591830450597
260,2020,265,0.595936670983135,1.12507605052932
260,2020,266,0.0465154093225505,-1.68837498181167
260,2020,267,1.21352094135149,-0.452147438427446
260,2020,268,1.57371822208743,-2.62304863296722
260,2020,269,0.272284468868353,1.48863494267008
260,2020,270,0.675305360650066,3.01823589817901
260,2020,271,0.290393176528791,-2.99744294563608
260,2020,272,0.427053064602923,-0.307369334815721
260,2020,273,0.649203257431195,-1.20278868633794
260,2020,274,0.42818273055861,-1.92962365939024
260,2020,275,0.386672315488861,-1.1551833667637
260,2020,276,0.43498343044645,-2.59609403757201
260,2020,277,0.512920583696356,3.12004126744829
260,2020,278,0.00786455422603213,-2.30875678691674
260,2020,279,0.438161947882614,-1.18572318385904
260,2020,280,0.207525965293461,-0.129579674638174
260,2020,281,0.514244781411856,-2.58003041441411
260,2020,282,0.402151760126965,2.67772694804381
260,2020,283,0.146054696951622,-0.70835197174201
260,2020,284,0.39637872844424,-2.76745090809447
260,2020,285,0.733011610262562,-2.35456464119212
260,2020,286,1.07250148967265,0.747175861149755
260,2020,287,1.4026748198101,2.58635733905465
260,2020,288,0.449904499979991,2.40873295595205
260,2020,289,1.53953598803511,-2.7367056370688
260,2020,290,1.76406018552215,2.95009654944866
260,2020,291,0.59236400583553,2.87853475346755
260,2020,292,0.379763118771184,0.772402622438026
260,2020,293,0.39769274665287,1.93051068483219
260,2020,294,0.570504473193449,2.49290481424141
260,2020,295,0.22941291822796,-3.09860006122125
260,2020,296,0.467133131712607,1.49106130671796
260,2020,297,1.28393929753026,-2.91523609669294
260,2020,298,0.277831879586489,2.81377319027913
260,2020,299,0.230325041052956,-0.481807307250753
260,2020,300,0.940788022737546,3.05914399250252
260,2020,301,2.06916542273638,2.96218543919654
260,2020,302,1.57918469345034,2.42242042752464
260,2020,303,0.662424270596118,2.49342714636054
260,2020,304,2.92448269773657,-1.50635220527095
260,2020,305,2.7791318963372,0.555395595226575
260,2020,306,21.6221504349192,-0.145069219586066
260,2020,307,36.3493449176303,-0.0345734868375693
260,2020,308,18.1438924158739,0.561550738000244
260,2020,309,6.69595073279548,0.402622514429445
260,2020,310,9.34909939508728,-0.223923875148354
260,2020,311,2.79569627364773,-0.388606646881039
260,2020,312,8.54381239284036,0.203833550204251
260,2020,313,8.84781362382548,-0.00872244652541454
260,2020,314,3.12411848661235,0.549921706614015
260,2020,315,2.48271035484005,-0.275561760741814
260,2020,316,13.2815107444379,-0.202327867615518
260,2020,317,6.74706414426674,0.37742291398206
260,2020,318,0.176078927464653,0.140753707700811
260,2020,319,17.2478755335827,-0.476770263694412
260,2020,320,10.5038733108483,-0.0134753013337665
260,2020,321,11.0517652198337,0.578729896933528
260,2020,322,0.28868661349323,0.193413021258696
260,2020,323,10.9497401490217,-0.496403836636204
260,2020,324,1.71063811800968,1.82858627893059
260,2020,325,6.78813788821422,-0.890197822223598
260,2020,326,2.8302308326119,0.924631446076246
260,2020,327,7.82483774302405,-0.129536280468489
260,2020,328,7.60249958046819,-0.38504416276899
260,2020,329,0.55301396929493,-1.83102304020007
260,2020,330,0.318234378715237,-2.19832422934862
260,2020,331,1.38912310150853,-0.652968898997397
260,2020,332,1.34929455502446,-2.60367150084178
260,2020,333,0.563609961578976,-2.16715682592595
260,2020,334,0.361933342630713,-2.09615820769078
260,2020,335,0.505895205957115,-1.99825204025744
260,2020,336,0.736090887777992,-2.06615488961677
260,2020,337,1.42506010445098,-2.52541012181952
260,2020,338,0.873427331365828,1.14798364833584
260,2020,339,2.06109543464406,2.5925215053615
260,2020,340,0.423476575280669,0.761413848946511
260,2020,341,0.81202815295555,-2.99320275834612
260,2020,342,0.430079872240461,-1.20315163796388
260,2020,343,0.661008073995722,-2.47634065556651
260,2020,344,0.557170119264609,1.9773681785278
260,2020,345,1.07290115468324,2.6767156637829
260,2020,346,0.936115601074741,3.09501583899868
260,2020,347,0.158594493378111,-0.0378532197449033
260,2020,348,0.306562624002571,2.6134219736246
260,2020,349,0.381540071731162,-1.94961162592885
260,2020,350,0.751271902515844,-2.99692044014416
260,2020,351,0.379218284998391,-1.36424673006156
260,2020,352,0.224618567660539,-2.16961353389078
260,2020,353,0.46961303000211,-0.506263266632235
260,2020,354,0.216795176747303,0.812128260435104
260,2020,355,0.168578939085121,-0.911661631746531
260,2020,356,0.132400501506527,0.906980503940176
292,2018,2,2.55626649844114,NA
292,2018,3,2.91528688038495,-3.02387676140337
292,2018,4,0.342718220460611,-2.09047395462829
292,2018,5,0.401667641398276,1.99259865824636
292,2018,6,0.781455668470589,2.31880488370553
292,2018,7,0.336713735235935,2.8821858321072
292,2018,8,0.854245809995708,0.184041693747245
292,2018,9,2.8176164195795,-2.2380341666667
292,2018,10,1.95380362049072,-2.6423186955683
292,2018,11,0.264314611419654,-1.84909748065518
292,2018,12,0.771838650155286,-1.80070434216649
292,2018,13,1.08115307704812,0.906773072131877
292,2018,14,0.655156556224243,-2.97002401453279
292,2018,15,0.532937004365766,1.45795238596063
292,2018,16,1.54922123543147,-2.42807581963899
292,2018,17,1.39290438219938,-2.48511193630548
292,2018,18,1.82280050753207,2.52941445839855
292,2018,19,0.0337903661173487,1.06023667469752
292,2018,20,0.428810475674548,0.0599758616496966
292,2018,21,2.42431595830299,2.19922650097701
292,2018,22,0.482100579690184,-1.04732316155655
292,2018,23,0.811003836583464,-1.73075505518082
292,2018,24,1.01692252356029,-0.906979902786633
292,2018,25,1.02891076576811,0.0918014640199729
292,2018,26,2.35530976105174,-2.76765682991334
292,2018,27,0.484813583393935,-2.89359377750227
292,2018,28,0.722445571450077,0.289300635151338
292,2018,29,1.25126665229742,3.12375370119874
292,2018,30,0.857605045140587,-0.730543713842979
292,2018,31,0.492582394620298,2.49560681625148
292,2018,32,0.620526126853171,2.03539486603719
292,2018,33,0.519004733286489,-1.29484210216007
292,2018,34,0.432810062622996,3.02664243785371
292,2018,35,0.781794542555075,0.605236047256002
292,2018,36,0.17166207018236,3.01832674516386
292,2018,37,0.751160663509918,-0.0239280736501177
292,2018,38,1.3879465030342,-0.201379040876957
292,2018,39,1.32292194574713,2.73252078084341
292,2018,40,0.583562440486203,1.34630358743271
292,2018,41,0.0641847934323609,-0.788661404862441
292,2018,42,0.517653243808068,2.69738429849558
292,2018,43,2.0082247542036,0.174819222668689
292,2018,44,0.58665450891678,2.2086278484507
292,2018,45,2.03545909762198,1.12769798033023
292,2018,46,0.284031274627134,2.5687092018754
292,2018,47,0.937589232673869,-2.614038781457
292,2018,48,0.44350796611515,-2.79807122555773
292,2018,49,0.566870400333345,-0.161044602049148
292,2018,50,0.0884085986916501,-1.03012375024514
292,2018,51,0.460262948858871,-1.28629258996289
292,2018,52,0.844718193752857,-1.24069716492705
292,2018,53,0.221411433002069,3.126825387971
292,2018,54,0.598709386654286,0.572240487194346
292,2018,55,0.362611519368674,-2.2349808225941
292,2018,56,0.162809977058462,-0.222961074100295
292,2018,57,0.109661104379817,-1.20800121412519
292,2018,58,0.437059800248713,-0.747267845817972
292,2018,59,0.255418339762625,-1.43109807974505
292,2018,60,0.383242610057985,2.8997990667644
292,2018,61,1.03178635565531,2.78821029296908
292,2018,62,0.0861346904115576,-0.0648850560198682
292,2018,63,1.8778467521082,-0.407047514188839
292,2018,64,0.17103714285486,1.76936872423904
292,2018,65,0.16058732183024,3.09650547075851
292,2018,66,1.72312938711728,-2.03726733085817
292,2018,67,1.02192582270348,1.59521221502825
292,2018,68,0.492644116112447,-1.20187845009754
292,2018,69,0.523082619587688,0.0796662065670226
292,2018,70,0.528582114699176,2.19566926383738
292,2018,71,1.15723137053538,2.43740824424044
292,2018,72,0.432750896045513,-1.18549707458634
292,2018,73,0.538946499111339,-0.585561864525219
292,2018,74,1.2743537514723,-2.39933096392875
292,2018,75,0.060673602661493,0.982114130029646
292,2018,76,0.440807748696346,2.01108506109269
292,2018,77,0.133208010836348,2.40241642053976
292,2018,78,0.184456932096817,0.569891033254759
292,2018,79,0.627836450548685,0.312382326742316
292,2018,80,0.261496745701986,2.16925936501371
292,2018,81,0.591637832953071,0.783421455843756
292,2018,82,0.614514822177666,-3.11007624643228
292,2018,83,0.0196494107416796,1.96726978441036
292,2018,84,0.362915502937604,0.273067619428398
292,2018,85,0.308891505621682,-0.449448502669619
292,2018,86,0.260911995850021,2.57984344739376
292,2018,87,0.683023271839602,0.660136166218775
292,2018,88,0.792806969306431,-1.10627691197778
292,2018,89,0.122894058046906,-2.76601023543725
292,2018,90,0.0877989642757096,-0.740273945913726
292,2018,91,0.35610702812167,-2.81135884763195
292,2018,92,0.927249356242261,-2.54962102387689
292,2018,93,3.80352225922111,-2.0173449854885
292,2018,94,1.65365649395085,-0.249915849437088
292,2018,95,2.08413267536128,-0.297018047473533
292,2018,96,2.67272619677834,0.00940095427999221
292,2018,97,1.40037026269546,-0.192030888256093
292,2018,98,1.66737131556692,0.539511174995157
292,2018,99,0.530673889476583,0.253039251556419
292,2018,100,10.043556365108,0.640170917859016
292,2018,101,24.2447597011413,0.152525938164482
292,2018,102,18.0555032944487,-0.000915126626368057
292,2018,103,9.1449083747102,0.288497859070874
292,2018,104,1.34662631925733,-0.593756001676029
292,2018,105,3.94089384430472,0.46531476253701
292,2018,106,0.127594230207024,1.30653661478414
292,2018,107,34.6358488466227,-1.90331132529441
292,2018,108,20.0500456775136,-0.152177458669323
292,2018,109,7.26935744241698,-0.370361294089899
292,2018,110,12.8423080449444,0.621625245264172
292,2018,111,0.394107425187976,0.790175635251434
292,2018,112,0.173886364122318,-1.52875285905975
292,2018,113,0.563191080748649,-2.14791096380745
292,2018,114,0.498651008524932,-2.73553948015877
292,2018,115,0.303865099945711,-0.476128160476312
292,2018,116,0.134391645522424,2.57551083185047
292,2018,117,0.383553690417638,2.65907402330524
292,2018,118,0.214062044167368,1.89555576621176
292,2018,119,0.524063930791386,1.88002633035619
292,2018,120,0.585958238289369,-3.14114953247806
292,2018,121,0.277700432557564,-3.03006650382759
292,2018,122,0.237879472813588,2.97697552883491
292,2018,123,0.520744408057288,2.97590108581938
292,2018,124,0.394683054123511,2.7721942185787
292,2018,125,0.236574881504071,-2.704503098108
292,2018,126,0.231650488919919,3.09401256657451
292,2018,127,0.308991731987511,-1.51013584575117
292,2018,128,0.607213948922974,2.95184451195514
292,2018,129,0.239159048788777,-2.50619926315208
292,2018,130,0.2207000506131,-2.35047192180838
292,2018,131,0.0416160068968598,2.81310525746756
292,2018,132,0.171556725917197,0.564831434929524
292,2018,133,0.256316852927995,2.54300585327648
292,2018,134,0.768484468021007,0.515464902844218
292,2018,135,0.942260194780143,2.5424075014808
292,2018,136,0.582667561623031,0.918859818877486
292,2018,137,0.697575103150242,-2.48174296257418
292,2018,138,0.667399247789234,-2.38634098469661
292,2018,139,0.01518132260685,0.371207045869029
292,2018,140,0.295585705045079,-0.434621707342891
292,2018,141,0.787383385124807,-2.25385009909435
292,2018,142,0.627518083617831,-1.66575393003436
292,2018,143,0.135539998534468,-0.757272475927932
292,2018,144,0.137584553056414,1.51450500703033
292,2018,145,0.665773342856079,2.54869474370487
292,2018,146,0.480414375369568,1.79730184352488
292,2018,147,0.46101186694145,-0.187156521315488
292,2018,148,0.723051290463672,-2.77205000944446
292,2018,149,0.236991953713453,1.74657392466723
292,2018,150,0.754233414912635,-2.50755279680347
292,2018,151,0.396541893109634,-0.779597224634582
292,2018,152,0.727474761051495,-1.33620576160735
292,2018,153,0.912256975964155,-2.8428643164525
292,2018,154,1.5944125548198,-2.74906619415848
292,2018,155,0.212500145163154,-2.62548820957629
292,2018,156,0.581119922721988,0.638242761898208
292,2018,157,1.29681152534858,-1.16662621065788
292,2018,158,1.2116147307836,2.27981567957636
292,2018,159,1.77615721052264,0.670267093956369
292,2018,160,3.27555802868725,2.16031582602795
292,2018,161,0.937940486279662,2.4853165011577
292,2018,162,0.436149116201465,2.14446480730682
292,2018,163,0.419797045193952,2.99872906498016
292,2018,164,1.13117933790464,0.372661989218958
292,2018,165,0.909007391265071,2.80766157743546
292,2018,166,0.621587278331561,0.251091611253409
292,2018,167,0.124433338447445,-0.2116737745871
292,2018,168,0.914331187624594,-2.48350395967774
292,2018,169,0.717542752222937,-2.17731046534971
292,2018,170,0.657862697280709,2.76762634204628
292,2018,171,0.616324395604614,1.66751514623909
292,2018,172,1.20709110143403,-2.40575493082899
292,2018,173,2.07809073517992,2.27207352588989
292,2018,174,0.346029767683986,-2.617944100597
292,2018,175,0.0942342225712531,2.60513522939209
292,2018,176,0.100210630127388,0.590781438663945
292,2018,177,1.63423427387964,2.61169983460632
292,2018,178,1.00782352076754,-1.75458392001979
292,2018,179,0.190992141529973,-2.26952026906384
292,2018,180,0.790129524082504,2.12866092937444
292,2018,181,0.42812737434632,-2.11972233536307
292,2018,182,0.285560011433644,3.00870563112597
292,2018,183,0.242377670374256,0.215689552087095
292,2018,184,0.494739575547053,2.84315532440937
292,2018,185,0.997875175330406,-2.93199911501495
292,2018,186,1.08635702528939,-2.97238769434807
292,2018,187,1.55368307234562,-0.274497672422487
292,2018,188,0.105703054062702,-2.09501094195716
292,2018,189,0.452520751242392,1.85605655791904
292,2018,190,0.336189900195173,-2.18276312861158
292,2018,191,0.269653357487774,-2.3896939429367
292,2018,192,0.89858306452139,1.28274378987425
292,2018,193,0.553900857418008,2.18354809878259
292,2018,194,0.102854298413492,-0.92387276997493
292,2018,195,1.04211973105592,-1.14717659987222
292,2018,196,1.86557976135603,-2.82697709291194
292,2018,197,0.365416745264465,-1.85619986756593
292,2018,198,0.239714867440381,1.36755551350416
292,2018,199,0.548547170742776,-1.82033582725724
292,2018,200,0.503064281092397,-2.61457939485221
292,2018,201,0.475679139340326,0.631218585754977
292,2018,202,0.289813949070431,-2.07735807409075
292,2018,203,0.206845923508621,2.95737153625466
292,2018,204,0.0347054125429415,1.87585800605979
292,2018,205,0.383471966404559,1.55478079410687
292,2018,206,0.504355688290376,-1.41510426372862
292,2018,207,0.303073189982342,2.79341401532231
292,2018,208,0.435452487616611,1.03897387233183
292,2018,209,0.887781755766232,0.41339104764808
292,2018,210,0.333987353825071,-2.8257318107073
292,2018,211,0.452252329246409,-0.77658521238715
292,2018,212,1.07690351039282,-2.6051157834961
292,2018,213,1.52361514394052,3.09503759869249
292,2018,214,0.385592604431833,-2.94996936465008
292,2018,215,0.194376089596838,-1.35640183697878
292,2018,216,0.95412258998147,1.40810603548918
292,2018,217,0.515797877091299,1.40168838335439
292,2018,218,0.161141137080997,0.716924500016479
292,2018,219,0.901951476142676,1.66880948294391
292,2018,220,0.35066916435771,-1.77170006023424
292,2018,221,0.56917487863743,2.02577944681395
292,2018,222,0.211319641948675,-1.78663821265482
292,2018,223,1.22209929283932,-2.52447156534636
292,2018,224,0.533642354366188,1.53372902040622
292,2018,225,0.644654650472168,-0.345429397841131
292,2018,226,1.08222307449438,-3.03263877459165
292,2018,227,0.701320588515876,-1.16143526805863
292,2018,228,0.279342351538158,-2.87099935403174
292,2018,229,0.275797080959414,3.10792786867906
292,2018,230,1.75548817972988,3.06224588184753
292,2018,231,0.625557385370938,-2.56375694965211
292,2018,232,0.432689204081537,-1.29876230522251
292,2018,233,1.52958206204559,0.00107162916685899
292,2018,234,0.863252229030165,0.719569537180322
292,2018,235,10.2908065745303,0.977810719913234
292,2018,236,1.151454725292,0.418638531625518
292,2018,237,0.345794648688224,1.84969952684779
292,2018,238,1.11751497595779,2.41633347068356
292,2018,239,0.118478381109696,-0.429572795122497
292,2018,240,0.0824256975062696,2.30881553376216
292,2018,241,0.0106418299734137,1.31128638738201
292,2018,242,0.59093295154405,-0.0337571252710198
292,2018,243,0.376289809263199,-0.518716565377117
292,2018,244,0.406725950417673,-0.412292426864571
292,2018,245,4.04730566303707,-1.63210230396286
292,2018,246,3.59206744202538,-2.75519090633499
292,2018,247,0.915672008010374,-0.548317039245962
292,2018,248,1.00526341991263,-1.74220915997599
292,2018,249,0.971288637916941,-2.49094542491132
292,2018,250,0.911354819186766,-2.46809208947164
292,2018,251,0.350827094237818,-2.47550552301461
292,2018,252,0.82708732593371,-0.757917022449454
292,2018,253,0.75570603211008,-1.92140917413703
292,2018,254,0.412172037861689,-2.46948804553932
292,2018,255,0.435132583859928,-1.28307536196539
292,2018,256,0.843020597363907,2.90956304160689
292,2018,257,0.391808674352613,2.58610211514806
292,2018,258,0.666699791982808,1.11228903009946
292,2018,259,0.857055025574151,2.81005031504201
292,2018,260,0.352738995606884,-0.997194817971137
292,2018,261,0.320552988528101,-1.35488335195686
292,2018,262,0.0582532679646534,1.12360156728939
292,2018,263,1.98553472935602,-0.95959942938341
292,2018,264,0.129776289042827,-2.69568635921318
292,2018,265,2.35668459394773,-0.153951787539694
292,2018,266,4.16868338013524,-2.02041822234541
292,2018,267,0.657570129627561,2.25019722923923
292,2018,268,1.16021241333284,-0.162570240101922
292,2018,269,0.224448478558739,0.622096338920193
292,2018,270,0.297233523172276,2.56914726642563
292,2018,271,0.0759775017938434,-0.834445213140022
292,2018,272,0.294557042686617,-2.686056765151
292,2018,273,1.15329412350031,-2.80480510982405
292,2018,274,0.889902536147187,-0.00182436411718445
292,2018,275,2.77718873096227,1.37471336987857
292,2018,276,5.53228375083566,1.10439440569355
292,2018,277,1.09909666749029,0.976953796904481
292,2018,278,0.605331545958457,-0.583334343889086
292,2018,279,1.33773772599518,0.716111465727457
292,2018,280,0.513220545876047,2.92954488063587
292,2018,281,3.96204072940661,-0.388571092185725
292,2018,282,0.520078158002882,2.57118752069483
292,2018,283,1.9556148826271,0.707151095645973
292,2018,284,2.60552977092431,2.9957201107485
292,2018,285,2.92176884002737,-2.37619007233711
292,2018,286,1.04797880729966,3.0722966474783
292,2018,287,1.88825175641661,2.28485344914772
292,2018,288,0.405660905373118,2.37939615010293
292,2018,289,1.60742994924656,2.32521500701288
292,2018,290,0.135430705364497,-2.88065879630841
292,2018,291,0.696251252287035,-1.08985566179215
292,2018,292,1.64243584066079,-3.01349420400543
292,2018,293,0.54381788184242,-2.33245659563769
292,2018,294,0.741242344344164,-1.51091104758821
292,2018,295,0.383252898514363,0.462714061958768
292,2018,296,0.84729953909387,0.231352717134625
292,2018,297,1.81722430889342,2.73540246424642
292,2018,298,0.892924895601611,0.169676074218275
292,2018,299,0.341616434469536,-1.78859594957369
292,2018,300,0.368416177495676,3.02242112962955
292,2018,301,0.395163634933969,-1.60234496657711
292,2018,302,0.636320643874699,-0.262018722174101
292,2018,303,0.525472574035316,-1.33368993768735
292,2018,304,0.0216474107370028,-1.97882538961046
292,2018,305,1.16516236680673,-0.697812162541402
292,2018,306,0.453926235045102,-2.29967473223071
292,2018,307,0.48838915691114,1.6486263631139
292,2018,308,1.28816233960031,2.40747465576594
292,2018,309,0.313169701125944,2.31229625544082
292,2018,310,1.27798874492588,-2.58894371600653
292,2018,311,1.23308608875824,0.317818337128971
292,2018,312,1.51610215055184,1.19478604315684
292,2018,313,0.785361154971443,2.8078462208478
292,2018,314,0.486638508395139,-3.08249793458834
292,2018,315,0.987083735658674,2.41862761848289
292,2018,316,22.5364867644279,-1.85534020956958
292,2018,317,39.5252641495199,0.329459070465268
292,2018,318,11.4841893161858,0.560250613159754
292,2018,319,9.17688229721398,0.248410910705017
292,2018,320,5.75879206213001,-0.0189427496450634
292,2018,321,0.669825821282712,1.58509017762401
292,2018,322,2.91445933154589,-2.08732604631248
292,2018,323,13.4626219485151,0.200296954453466
292,2018,324,6.37277697850813,-0.121127301017937
292,2018,325,2.01509290424698,0.628432353949837
292,2018,326,17.4662654818123,-0.325171332072762
292,2018,327,2.35480026888386,0.404799989518574
292,2018,328,2.90431844426843,-1.08254031782784
292,2018,329,1.22166625040381,-0.224211970187432
292,2018,330,2.08442142055322,-0.501824150148427
292,2018,331,0.450114933148774,-2.70674397554889
292,2018,332,2.04855836204989,-0.394575267434838
292,2018,333,0.559997977610179,0.301128803234995
292,2018,334,0.249621924032707,2.34417407644623
292,2018,335,0.568051616257347,1.06125872193743
292,2018,336,0.10621868546196,2.78565974795226
292,2018,337,0.167360364554509,-2.07631448951188
292,2018,338,1.56369629601702,-1.16650566226166
292,2018,339,0.410010749478765,0.493841881628009
292,2018,340,0.362441068383814,-0.792038983365849
292,2018,341,0.132163510426095,0.712296550578094
292,2018,342,0.566153764339991,2.61223566634467
292,2018,343,0.140996760058454,-0.867321328600484
292,2018,344,1.27883006175254,-2.3651418027412
292,2018,345,1.87537563640908,0.296835589577618
292,2018,346,0.0788543335054808,-2.81806149882908
292,2018,347,0.0982915919051135,2.52102893446624
292,2018,348,0.0353912730167053,-1.75657900180015
292,2018,349,0.0835628590694412,-2.54953074696263
292,2018,350,0.0338475328589687,-2.66169296346684
292,2018,351,0.0284718222203391,0.694344370596444
298,2019,2,0.128971240652949,NA
298,2019,3,0.403713186795301,1.85383656877556
298,2019,4,0.140343800525784,-0.724207298220705
298,2019,5,0.484327643247223,2.68210016910522
298,2019,6,0.483326561877518,-3.10578655613563
298,2019,7,0.159797382399482,-3.10614381009461
298,2019,8,0.251133794011897,2.91524298095438
298,2019,9,0.197567723908465,-3.13295824036989
298,2019,10,0.138442740540298,-2.71371598250702
298,2019,11,0.118861080410788,3.01525167214814
298,2019,12,2.87776662954022,0.483417088374797
298,2019,13,9.05999166720678,-0.634286825545781
298,2019,14,4.2183653067207,-0.0728766372998138
298,2019,15,10.1713838443777,1.09567669808264
298,2019,16,0.129489340360968,-0.525151222678315
298,2019,17,1.22824400627104,-0.589618715148513
298,2019,18,1.35367167342155,-2.97391274896607
298,2019,19,0.663835555662387,-2.57491552122232
298,2019,20,0.207835143283104,2.3054614498569
298,2019,21,0.0656376757388289,2.12278808921485
298,2019,22,1.26645985241679,1.05854043344723
298,2019,23,1.02071464376946,3.00794257564869
298,2019,24,0.163270395528924,-2.81008312019189
298,2019,25,0.729185522296529,-2.53100522304293
298,2019,26,0.618408985876871,3.06667136050127
298,2019,27,0.973827721656198,-0.936529052391476
298,2019,28,0.169545034363552,2.50656636283676
298,2019,29,0.739223486361113,0.806270958777485
298,2019,30,0.892589122357646,0.566495068492328
298,2019,31,0.545162776468946,-2.53493558907778
298,2019,32,0.223448326902688,1.76482711460959
298,2019,33,0.671807356905064,-2.9273219000582
298,2019,34,1.01582763252688,-0.212303835463655
298,2019,35,1.28021347166708,-2.95407042874576
298,2019,36,0.282888675393946,-0.399028649605189
298,2019,37,0.511231404958959,1.65931645439038
298,2019,38,0.560313712491414,-3.00452872594248
298,2019,39,0.55832932903232,-3.06053255625591
298,2019,40,0.0301927280724717,2.53670790538932
298,2019,41,0.174404731978835,0.973056729681666
298,2019,42,0.363570198221442,-0.65274498159047
298,2019,43,0.522390373740302,-2.92355739166586
298,2019,44,0.321444219430356,2.97311969186765
298,2019,45,0.596833646390713,3.12250608551616
298,2019,46,0.261886297544046,-3.13103615814494
298,2019,47,0.297969678901632,-0.00998435129519848
298,2019,48,0.226218448701857,0.970712587663256
298,2019,49,0.15664325169151,-1.32505161890904
298,2019,50,0.194505177980957,-2.56648925999454
298,2019,51,0.313716154099067,1.66159659865282
298,2019,52,0.324292992767072,0.495036328298023
298,2019,53,0.558719589627189,2.77776236021512
298,2019,54,0.594111374719783,1.09932862950428
298,2019,55,0.29858415612228,1.35402646793093
298,2019,56,0.812501734371515,2.22601699713211
298,2019,57,0.84769939990983,2.8824375604739
298,2019,58,0.82096472440027,3.13433957292892
298,2019,59,0.34973034489968,2.51111154042406
298,2019,60,0.870063759905775,2.64493735694975
298,2019,61,0.546588200778794,2.74511302843407
298,2019,62,0.627151051680269,-3.08574556906035
298,2019,63,0.694218589146066,-3.0663246322675
298,2019,64,0.332593695671182,2.64429096885078
298,2019,65,0.270097805718667,2.71675243667061
298,2019,66,0.314441214859351,-2.42002395608712
298,2019,67,0.230583745467779,-2.22438916083935
298,2019,68,0.242577061711913,-0.79602898010627
298,2019,69,0.638600243041702,-2.8094695583542
298,2019,70,0.384828859841486,-2.99988048378197
298,2019,71,0.411751912781929,-3.04196781526748
298,2019,72,0.0114734092811729,2.73317625068569
298,2019,73,0.0358520741440774,0.550022556906372
298,2019,74,0.508891814724568,-0.205954680246504
298,2019,75,0.285584785272632,-1.16934756415163
298,2019,76,0.072850519058423,-2.20790718183806
298,2019,77,0.266557998088486,-0.821924308352584
298,2019,78,0.412593786153509,1.05730174141616
298,2019,79,0.417794786432442,-0.877182571632934
298,2019,80,1.18113408629722,-2.53683517672379
298,2019,81,0.125997068664389,-0.856505263237836
298,2019,82,0.89173127807686,-2.0729483672357
298,2019,83,0.456039604862027,2.99207479581824
298,2019,84,0.105621942518477,0.89228137984098
298,2019,85,0.225622301118946,-2.53064133791626
298,2019,86,0.808398033501435,2.81960808378112
298,2019,87,0.602069423146798,-2.96068575873668
298,2019,88,0.0702231098869831,-0.168390066466584
298,2019,89,0.225571323936739,-2.21094085980956
298,2019,90,0.193712455744265,2.57621081732047
298,2019,91,0.226106716072237,2.20598451417953
298,2019,92,0.439562966287277,0.639549301240876
298,2019,93,0.207053013001593,2.64118748515203
298,2019,94,0.399346715769104,-2.707559164793
298,2019,95,0.363264914120082,-3.12908787355233
298,2019,96,0.0259479871877187,0.0232825974413058
298,2019,97,0.120533220766385,-2.64011790441397
298,2019,98,0.138724171644267,-0.943949089378149
298,2019,99,0.807179852958528,-2.84342546944278
298,2019,100,0.559995307043877,3.11196647617077
298,2019,101,0.625317851563143,0.345165282294682
298,2019,102,0.0959375889487021,-2.29921882572428
298,2019,103,12.152135139995,1.5973875250314
298,2019,104,10.7628582174834,-0.563412358224265
298,2019,105,0.630447910085173,0.296199858520215
298,2019,106,0.156886588756149,0.0286357234123873
298,2019,107,0.152493620026885,-0.0304642658432392
298,2019,108,0.0532832066080661,-1.27815792643411
298,2019,109,0.154767227131403,-0.104704405049691
298,2019,110,0.229741235863999,1.75285403162952
298,2019,111,7.8541383275378,-0.871723112321344
298,2019,112,12.2674992362957,0.144309509062538
298,2019,113,7.32862400942692,0.371313750095999
298,2019,114,19.5715631274669,0.0667983930306217
298,2019,115,7.22187022537661,0.836035449266823
298,2019,116,0.5815406274237,-0.457408469182379
298,2019,117,0.410770409800436,-0.668845651850622
298,2019,118,0.736661697610565,-0.300411250845641
298,2019,119,0.70201259606955,-3.06980713176727
298,2019,120,0.664955028721627,2.94426764468827
298,2019,121,0.419556400563889,2.98842517083598
298,2019,122,0.41036518881654,-2.99088210792377
298,2019,123,0.0673985054593459,-1.49928735759555
298,2019,124,0.00596190095536146,2.8222242408854
298,2019,125,1.10127078523221,1.94383083465769
298,2019,126,0.540113314085284,-2.88302032800133
298,2019,127,0.0532792075437788,3.02004933253351
298,2019,128,0.0933609712822706,-0.217559508903303
298,2019,129,0.192703110763461,3.0224881644022
298,2019,130,0.0438829568034598,2.4103809879195
298,2019,131,0.0958237391510824,1.442258165786
298,2019,132,0.542514964253143,2.818698727458
298,2019,133,0.296225405167737,-1.24806346667862
298,2019,134,0.890733323968353,-2.39375231572885
298,2019,135,0.390068022919682,0.911231050998257
298,2019,136,0.426495364207357,2.9889763719341
298,2019,137,0.177608992457798,2.64661463974805
298,2019,138,0.325643999264422,3.11583024054715
298,2019,139,0.598068422566445,-2.83305164271495
298,2019,140,0.314341595498002,-1.02585197960342
298,2019,141,0.167364851273069,1.54625570122311
298,2019,142,0.0937232695119363,-3.12407702019831
298,2019,143,0.0860606237704442,-2.42631809759944
298,2019,144,0.706518236652967,1.78399842784404
298,2019,145,0.706978687462854,-3.12125718759114
298,2019,146,0.155112277452363,-2.53742329270059
298,2019,147,0.730186642248418,-0.79564043512583
298,2019,148,0.879534650134766,-3.06454893401502
298,2019,149,0.308737422363105,2.5991822686181
298,2019,150,0.584735051912236,0.760130502766878
298,2019,151,0.160288317149055,2.42494259662083
298,2019,152,0.43193132406381,-2.52417033093861
298,2019,153,0.326933123830344,-0.317775635024627
298,2019,154,0.292628260813241,-1.04144938518314
298,2019,155,0.545986275295311,2.32135661345205
298,2019,156,1.65320947535932,-1.77466372937021
298,2019,157,8.0504696204295,1.41338123437215
298,2019,158,0.0707672363710251,-0.352857434071899
298,2019,159,0.192587806147964,-1.37495982385202
298,2019,160,0.159536149877622,1.90004181071579
298,2019,161,23.1620115144274,-0.413980319433039
298,2019,162,14.2060697794489,0.0892755077144747
298,2019,163,8.84768547432444,0.695290382356033
298,2019,164,0.805660814898504,-0.85877053502282
298,2019,165,0.120300428202289,2.33947345823813
298,2019,166,0.061019537511485,0.162817629814193
298,2019,167,0.121490942140866,0.461726148541244
298,2019,168,0.334684212155052,2.32871845609341
298,2019,169,0.105786958842361,0.805914186092328
298,2019,170,0.466567506471894,2.59576146927423
298,2019,171,0.170118663179951,-2.54079917335798
298,2019,172,0.0178992747424337,3.09995208585835
298,2019,173,0.0599579114891369,-1.39014112447972
298,2019,174,0.0689627291384658,2.30254606872496
298,2019,175,0.158844641125662,-2.0584647977309
298,2019,176,0.332963520055533,-1.91203765887469
298,2019,177,0.12645602022417,2.80663275308614
298,2019,178,0.153137420271703,-2.63804814472863
298,2019,179,0.347421466317297,-2.81036233181784
298,2019,180,0.0728258752102551,-0.120410780240888
298,2019,181,0.338538095523628,2.84323629313658
298,2019,182,0.381202124078433,-3.08523198480858
298,2019,183,0.400491989345497,-2.95309905653454
298,2019,184,0.2531763910613,-2.81324321218155
298,2019,185,0.121428061584136,-1.77004961946723
298,2019,186,0.14498384885866,2.36787045674155
298,2019,187,0.133219012881373,2.47993526886916
298,2019,188,0.169921854158646,2.17759194042693
298,2019,189,0.0420227637809562,0.645628478615247
298,2019,190,0.626392786024212,0.0759716039572482
298,2019,191,0.675340489928303,-3.12536034735817
298,2019,192,0.527590671887243,-0.708442641296487
298,2019,193,1.14384861472655,0.907326864355456
298,2019,194,2.86344986931696,-0.991271310278854
298,2019,195,12.8438797222637,0.514097989099378
298,2019,196,39.7495139359503,-0.420460011766916
298,2019,197,8.88318912287937,-0.251915405837438
298,2019,198,11.4412522165664,0.133821361567794
298,2019,199,1.69368230534053,-0.725351237467482
298,2019,200,0.897073531252879,-0.283210324233291
298,2019,201,2.36588682271472,-2.91508027869434
298,2019,202,2.14575993597414,2.93537060146317
298,2019,203,1.91829647696101,3.10727287338531
298,2019,204,0.0616774890403214,3.11231797282365
298,2019,205,0.675025243614836,1.2173543535275
298,2019,206,0.687448177222735,-2.92201630732929
298,2019,207,1.0978852667417,2.29811341095794
298,2019,208,0.593968876155355,2.68756361442776
298,2019,209,0.0817942465207511,-0.161101234129132
298,2019,210,0.0726539150000871,-1.45280835099172
298,2019,211,0.837663301910065,-1.65146990833968
298,2019,212,0.0258983571654628,-1.39919975918675
298,2019,213,0.217774305544899,1.10661871381717
298,2019,214,0.831551219952528,-2.92763710640454
298,2019,215,0.823651894951833,-3.12761951467588
298,2019,216,0.738482124046359,3.04895445913811
298,2019,217,1.08025604149731,-2.86357388008845
298,2019,218,1.42414861362104,-3.05607942537408
298,2019,219,1.39697633068155,2.75095192236229
298,2019,220,0.206275586451468,-1.2840797158283
298,2019,221,0.498957760960931,-2.42070193337097
298,2019,222,0.293436708726082,-0.143472320397197
298,2019,223,0.0355785632096132,-1.84890090132076
298,2019,224,1.89887943906449,1.86398391839046
298,2019,225,1.51944486222886,-2.49292442467746
298,2019,226,0.58801143440104,-0.594139454952733
298,2019,227,0.0895263408332193,-1.35989872616962
298,2019,228,0.9087739637603,0.30419026901657
298,2019,229,0.920807073989978,1.4809341341104
298,2019,230,0.487788550144683,3.10435659247744
298,2019,231,3.48594730294765,-0.729687393844434
298,2019,232,0.638086281135114,-2.26491637838995
298,2019,233,0.659521174112434,-2.3164004450111
298,2019,234,3.67333976689252,1.87604673072255
298,2019,235,0.623790352683328,-0.00959321321284001
298,2019,236,0.394494648615694,-0.301553913018425
298,2019,237,0.65209186435638,-0.540553667494851
298,2019,238,0.381823158268077,-1.57487827958037
298,2019,239,0.0733228888331793,2.58944976709801
298,2019,240,0.0454316931215233,0.304679374353632
298,2019,241,1.17432006435617,2.72713022514612
298,2019,242,0.447072857624702,-2.92461091266048
298,2019,243,0.228039059382334,-2.98289268591786
298,2019,244,0.812670043248264,-1.74987096112531
298,2019,245,0.379069130880849,-2.54375892812689
298,2019,246,0.428290178872583,-0.592400882745226
298,2019,247,0.0861223761257632,0.805949155084872
298,2019,248,1.30179409959457,0.497462822056506
298,2019,249,0.618128263150941,-3.02011587567292
298,2019,250,1.0969492159603,-0.0411207061233894
298,2019,251,0.0283882764009313,-2.51489761647528
298,2019,252,0.785546971732007,0.389065537287412
298,2019,253,0.893850825440005,-2.84678044150164
298,2019,254,0.989012728632718,-3.1251559334216
298,2019,255,0.220263403504227,2.32721306634869
298,2019,256,0.681821554359738,1.32941200095216
298,2019,257,0.430895456367027,-2.43493665724671
298,2019,258,0.187265956567629,-3.00454756540676
298,2019,259,0.71686247982506,-1.95070140181394
298,2019,260,0.313803285090982,0.688491016315989
298,2019,261,0.207661423598056,1.32502930551162
298,2019,262,0.13862127916829,1.29226243397307
298,2019,263,0.114634967797319,2.59635227534023
298,2019,264,0.0232977110439529,1.64992663686219
298,2019,265,0.451489875206448,-0.032039079827471
298,2019,266,0.447090759197789,-2.86754531988672
298,2019,267,1.77618091963615,2.58831094988075
298,2019,268,7.80014014295414,-0.116486094857041
298,2019,269,0.722339547111881,-0.389080938135518
298,2019,270,0.468251818998166,-0.166749714960345
298,2019,271,0.783055530146546,-2.70167609922819
298,2019,272,0.595753561561675,-0.702626005102417
298,2019,273,0.539064328440729,0.210346961449365
298,2019,274,1.55849391172345,0.664399012836629
298,2019,275,6.08636051574937,0.00206535036144473
298,2019,276,1.14029114345773,-0.419578101130905
298,2019,277,0.519317866651737,1.14434235861426
298,2019,278,0.581593776977724,-1.142791107298
298,2019,279,0.47852249333758,-3.09912793642165
298,2019,280,0.342915642134413,1.68302310892146
298,2019,281,0.199941346146619,-2.4526345461719
298,2019,282,1.54226029605654,1.01934659438679
298,2019,283,0.304240705468994,0.319251741034062
298,2019,284,0.288690272145285,-0.505703921726091
298,2019,285,0.896740067163326,-2.22122477975425
298,2019,286,0.93818022233148,-2.80567745464765
298,2019,287,1.44410351437142,1.97531580025668
298,2019,288,1.87043292919767,2.62487835169328
298,2019,289,1.68133964561974,1.54708732470382
298,2019,290,0.136062689572092,2.98637831682591
298,2019,291,4.21930682682273,-3.04141558769907
298,2019,292,0.499840325019518,0.823930162008657
298,2019,293,0.43848496268261,0.598584701163025
298,2019,294,1.81362991665785,-3.13650393799095
298,2019,295,1.65475656739599,0.737120201706837
298,2019,296,1.08997415457061,-0.788211999059297
298,2019,297,0.151781177612541,-3.04440435853782
298,2019,298,2.39460639125461,1.72027751701355
298,2019,299,0.614318630350088,2.07603776933241
298,2019,300,1.70069592876621,1.46966903414713
298,2019,301,0.54125780946374,2.71600430982926
298,2019,302,1.02046213437793,-3.09741688001874
298,2019,303,1.50786825723209,-0.00803951821182025
298,2019,304,0.134924042495076,0.565603448307234
298,2019,305,1.23273411625784,2.54575623720069
298,2019,306,0.831792879754149,-2.91984131871464
298,2019,307,1.32687006688446,-2.82044987520708
298,2019,308,0.35692634648262,3.13919882701069
298,2019,309,1.00600512257762,-1.20176423689221
298,2019,310,0.623909770548462,1.57947195764987
298,2019,311,5.4399280906982,-2.73468578602868
298,2019,312,14.3707780820614,1.1330282282978
298,2019,313,30.243181283095,0.0629190423447601
298,2019,314,14.1283900434311,0.317226248317858
298,2019,315,1.11180314916704,-0.0753500327511016
298,2019,316,2.27802039383449,0.0338282945136053
298,2019,317,10.5662871867992,0.671848018883243
298,2019,318,14.1497021946377,-0.34264210455207
298,2019,319,6.47207145779715,0.0120501739718888
298,2019,320,10.2325310829724,-0.0116441140403651
298,2019,321,7.81982527097392,-0.131665331399931
302,2018,2,0.312629720509159,NA
302,2018,3,0.10794669146196,0.669401781942014
302,2018,4,0.435319094868293,-2.70358881132969
302,2018,5,0.490852371457138,3.09510233897744
302,2018,6,0.449884636519584,2.48959799879934
302,2018,7,0.301298905573227,1.57399189964042
302,2018,8,0.0999040286034126,-2.8176642460017
302,2018,9,0.232874724258697,-0.0768696618929967
302,2018,10,0.341840197149603,-1.77264411133544
302,2018,11,0.391921408996346,2.99593963532947
302,2018,12,0.292750660022943,2.03745873467916
302,2018,13,0.29944120285581,2.52099090952175
302,2018,14,0.0888135664054954,-2.583002407588
302,2018,15,0.701661869503625,-3.05001621888144
302,2018,16,0.698221692185549,2.80416471523361
302,2018,17,0.260653542810508,-2.41743089458461
302,2018,18,0.453379043815275,-2.41498302630304
302,2018,19,0.640469672222624,2.44493759931066
302,2018,20,0.702324443239969,1.98737534574045
302,2018,21,0.573132412332818,2.24091187262314
302,2018,22,0.378182877641251,2.73802780607924
302,2018,23,0.148198301373826,2.28358950202659
302,2018,24,0.203324822270423,-2.71837022222429
302,2018,25,0.357794477466844,-1.74426789875748
302,2018,26,0.299685726169139,-3.06210140099961
302,2018,27,0.372514447912153,-3.00749277876095
302,2018,28,0.383584926117927,3.13728353553748
302,2018,29,0.511861586559894,2.22819812780133
302,2018,30,0.379268994679436,-2.07628633545554
302,2018,31,0.406348953236926,-1.86070084282165
302,2018,32,0.532058769692357,-2.63275384828139
302,2018,33,0.21380735563525,3.10131080820555
302,2018,34,0.342548178956895,-0.32682317401023
302,2018,35,0.164070934527111,-1.89283967882495
302,2018,36,0.302443050912126,-3.00942524391133
302,2018,37,0.277458624474648,0.783776426259138
302,2018,38,0.623393716342999,1.85224838770166
302,2018,39,0.0698525861388709,2.67792149765251
302,2018,40,0.44729245670522,-0.261642906983182
302,2018,41,0.314189461897743,-1.12883492725891
302,2018,42,0.659360466186314,-2.41848667564762
302,2018,43,0.835498451569402,0.123603133538172
302,2018,44,0.798817714865032,-0.00854579822128976
302,2018,45,0.133691423805722,2.07326819429362
302,2018,46,0.334184044367046,2.67670055521259
302,2018,47,0.273239707210354,2.34673980186304
302,2018,48,0.233948885045866,-3.1144604482824
302,2018,49,0.237583902398916,2.73657536085946
302,2018,50,0.251024222067599,1.75797966523461
302,2018,51,0.640159198669392,2.03805512968884
302,2018,52,0.942297783690322,-2.8170452351638
302,2018,53,0.970193256886154,-3.01349073633665
302,2018,54,0.236904663915591,2.80745267436409
302,2018,55,0.227148010468653,0.0305072822823229
302,2018,56,0.455032069853905,3.10554643987285
302,2018,57,0.225107565619116,3.09280638270691
302,2018,58,0.301813239601153,0.373873492732978
302,2018,59,0.432024722309243,2.96455249440815
302,2018,60,1.54657958244835,-1.62065000227297
302,2018,61,0.489145734302611,0.281371009038475
302,2018,62,2.07036216768663,2.99881115156622
302,2018,63,0.225714025703293,1.01974444232395
302,2018,64,0.290276211435017,-1.4667733381721
302,2018,65,0.560807150652891,2.51836223117147
302,2018,66,0.593545474162849,2.53736469761052
302,2018,67,0.199445671528935,-0.399681462712432
302,2018,68,0.158780613390166,2.44401356805968
302,2018,69,0.522629334276389,0.92827723141427
302,2018,70,0.421722235877489,2.86250574772412
302,2018,71,0.169288660858172,-2.79260159819355
302,2018,72,0.23178991862331,-0.00834493360408572
302,2018,73,0.557195102500933,0.570471872086085
302,2018,74,0.56700391158282,2.76105259785802
302,2018,75,1.81397613672528,-1.09730457369395
302,2018,76,0.364948873420873,-1.95893676463072
302,2018,77,0.307504629380541,0.297161484036537
302,2018,78,0.196297389708397,0.175720478552221
302,2018,79,0.620646171978007,-2.93574059662943
302,2018,80,0.476118913618157,-1.96317248976643
302,2018,81,0.372026084129623,2.87312299522351
302,2018,82,0.617315778617346,-0.126547049526648
302,2018,83,0.0298007447983848,2.83633562330949
302,2018,84,0.521631797400333,-0.396751544212718
302,2018,85,0.351753572648109,-2.93792903388667
302,2018,86,0.200153545320448,-0.458143292500173
302,2018,87,0.228461998823864,2.93912361552244
302,2018,88,0.135283413115693,-2.77601183795546
302,2018,89,0.0531269795769322,0.884819822105082
302,2018,90,0.0433461486201983,2.76253104917745
302,2018,91,1.08865548870108,-2.32564665470768
302,2018,92,0.102010375618521,0.0329702991824667
302,2018,93,0.370215152503435,2.18968309552665
302,2018,94,1.0516150078857,1.21431360059798
302,2018,95,0.376365135290725,-1.05667909693641
302,2018,96,0.0783089619967121,-1.93939448446382
302,2018,97,0.0900837952593538,-3.00008556269075
302,2018,98,0.908825217569422,-1.42525744465435
302,2018,99,0.0957807856427973,2.66022759182395
302,2018,100,0.183723842529516,2.75579200165982
302,2018,101,0.36036417528124,3.05174439512495
302,2018,102,0.386227803242616,-0.00280404701804837
302,2018,103,0.744371763791789,-3.14127534749465
302,2018,104,0.0855819244174615,2.58853434186873
302,2018,105,0.867441624135685,1.62460195216096
302,2018,106,0.600554697723233,-1.51799330933204
302,2018,107,0.0307240828357411,-1.39835814762284
302,2018,108,1.18099470824861,-0.903473089732678
302,2018,109,1.17487644052566,-3.11159175940043
302,2018,110,0.402689089317219,0.0524990306021147
302,2018,111,0.282272788572201,2.1740741891611
302,2018,112,0.316125698769138,-0.1506595697525
302,2018,113,0.0718915320555426,-1.31223755718274
302,2018,114,0.244229693384449,-0.116088387782223
302,2018,115,0.335946475450063,2.11116961063118
302,2018,116,0.839967764923097,1.67623224968094
302,2018,117,0.250494202111393,2.00688163369535
302,2018,118,4.34381399803701,-2.02441102143086
302,2018,119,4.95839457907796,0.776833900925726
302,2018,120,1.79771371486128,0.327186607730902
302,2018,121,0.162387979546389,-0.777748972690692
302,2018,122,0.901702637855558,1.029412857109
302,2018,123,0.415232653116599,2.75261457118739
302,2018,124,5.76225382858156,-2.97404356033224
302,2018,125,27.0311394210549,0.455755494419205
302,2018,126,17.6918665482181,-0.141142974462476
302,2018,127,3.88961642357505,-0.725467298190162
302,2018,128,3.64071022804957,0.942597218527915
302,2018,129,0.499466330063837,-0.411438645632034
302,2018,130,12.4466773605818,0.235982984873341
302,2018,131,8.54393627613961,0.0085126271512932
302,2018,132,11.3250156869029,-0.230588678732855
302,2018,133,1.56532122737532,-0.318254320179899
302,2018,134,8.35207908368189,0.411165814771391
302,2018,135,4.85647243703057,-0.0767069460993071
302,2018,136,5.79172635724988,0.220799087628497
302,2018,137,2.47060992447574,0.461930616857162
302,2018,138,0.684406589287186,-0.879356664732384
302,2018,139,0.990562588099699,0.660382192052809
302,2018,140,2.98071561692257,-0.306567879826671
302,2018,141,4.3095980308916,-0.211185032109662
302,2018,142,26.059014747188,-0.31342254205728
302,2018,143,13.0840349230319,-0.295134996883045
302,2018,144,11.9199787170433,0.163864877329042
302,2018,145,19.6813809718347,-0.0508305792131694
302,2018,146,0.194795189810551,-2.03389674662292
302,2018,147,0.25488124464589,2.13416653799781
302,2018,148,1.25420270418701,0.792433020947419
302,2018,149,2.07061353015573,0.133530744511995
302,2018,150,0.113311447647233,1.27658546417369
302,2018,151,1.44797689049068,1.3772654339968
302,2018,152,0.617923545429346,-0.6636818229693
302,2018,153,2.00269366176531,-1.97485993291154
302,2018,154,1.10982132267857,2.67501116191657
302,2018,155,0.511196676053097,0.403500243464491
302,2018,156,0.513144784015734,-2.55952491595643
302,2018,157,2.09967524366789,-1.06070463583486
302,2018,158,0.838596761035364,-0.382707062417265
302,2018,159,0.822277496878121,0.892751572871226
302,2018,160,0.811050707026256,-3.11345951463445
302,2018,161,0.699955972144322,-2.93362840157255
302,2018,162,1.0129701348949,-1.85440830531804
302,2018,163,1.05029080990832,-3.0024729541826
302,2018,164,1.05913884969251,1.09691472633015
302,2018,165,1.90334754040198,2.91267043513092
302,2018,166,0.301811948748117,0.745043984100215
302,2018,167,1.05072852312616,2.29762951446059
302,2018,168,0.115255866950875,-0.0665722265197397
302,2018,169,1.1371754204628,1.15196043537376
302,2018,170,0.593790815362366,-2.53473277796909
302,2018,171,1.04800830795445,-3.10151974333132
302,2018,172,1.08477729048896,-0.114029195129595
302,2018,173,0.152425900066885,-0.117065831431674
302,2018,174,1.22804324881653,-2.84616519835504
302,2018,175,1.23747491888314,-2.31612641894458
302,2018,176,2.06652863588904,2.18613313277961
302,2018,177,1.23036142438414,2.55065093846487
302,2018,178,0.46069864658345,-0.691996659894692
302,2018,179,1.32501723231981,-2.17406908653432
302,2018,180,2.21307525760571,-2.58200128068966
302,2018,181,1.53183467985244,2.58095601623485
302,2018,182,0.669088811881928,0.803694478363557
302,2018,183,0.342489256439461,-1.07112343202717
302,2018,184,0.460872746564201,-0.735101805023429
302,2018,185,0.860215872282725,-3.09731857192485
302,2018,186,0.0601115834789084,1.60700573366481
302,2018,187,0.414299800551263,1.71157987262165
302,2018,188,0.687293051541596,1.01891237270701
302,2018,189,0.32794053722489,2.40065473510821
302,2018,190,0.45988466033341,0.975259590900384
302,2018,191,0.35081480332495,2.6180019764792
302,2018,192,0.113961206117046,2.06488685270882
302,2018,193,0.0833073267802515,1.96181318298149
302,2018,194,0.229792152082901,-0.734438694514436
302,2018,195,1.05713429315812,-0.241131445474917
302,2018,196,0.417483291806455,2.25292226882743
302,2018,197,0.087249983982634,0.118206837921329
302,2018,198,8.00467691949466,-0.306808420956811
302,2018,199,1.68623929468483,-0.550970887231724
302,2018,200,0.355227648264716,2.77935353829691
302,2018,201,0.255843074560576,0.373794118879574
302,2018,202,0.261562026467497,2.3325206856933
302,2018,203,0.146986110308919,-0.351342916330253
302,2018,204,1.02356508012942,1.87451087793814
302,2018,205,0.592465272875634,-0.45808641899197
302,2018,206,0.553938896832569,1.42439194997028
302,2018,207,0.252410360301745,2.73749322851239
302,2018,208,0.0675280727901657,-0.922992518405095
302,2018,209,0.494178343819345,1.77172089455014
302,2018,210,0.468440524852319,-2.24877441177159
302,2018,211,0.785047519259988,0.647221888487541
302,2018,212,0.263685311562024,-0.66949265482164
302,2018,213,1.50371156781071,-2.17623001269351
302,2018,214,1.39984869983381,-2.75539846518545
302,2018,215,0.496451316788145,-2.12306531566562
302,2018,216,0.260499188975764,2.83800973609172
302,2018,217,0.567885854003135,-2.93965960311712
302,2018,218,0.761769830301246,-2.37033091355249
302,2018,219,0.360600271403812,2.45218080726303
302,2018,220,1.02005304610033,-1.43879155115235
302,2018,221,0.227604157216408,2.83770890739638
302,2018,222,0.202753356087098,2.47951448023802
302,2018,223,0.159466647697277,-3.0168120099864
302,2018,224,1.07825858660692,0.721318836191786
302,2018,225,0.696289940136031,1.32901827200398
302,2018,226,0.869032837387007,2.35073134505852
302,2018,227,0.81945257207408,-3.10724738223497
302,2018,228,0.63711733695797,-2.08942792819378
302,2018,229,0.310761259263213,2.32087300974103
302,2018,230,0.958692391079068,2.353436537389
302,2018,231,0.82997946215149,0.549862207057882
302,2018,232,0.638780241490532,2.80040216532031
302,2018,233,0.216472780491167,2.91664815233812
302,2018,234,0.694535717137205,0.399604905492683
302,2018,235,1.43179459964196,3.06839256972117
302,2018,236,0.327713530117253,-0.734909014961225
302,2018,237,0.266914053884746,2.7576533729544
302,2018,238,0.631632439319955,0.446509522830141
302,2018,239,1.05113366229539,-2.92853599635045
302,2018,240,1.15222264958683,-2.57162130187569
302,2018,241,2.68365493973051,0.176538598431353
302,2018,242,2.01281397803043,-0.0103136479083723
302,2018,243,1.92832777813849,-3.06530273068047
302,2018,244,0.325588722530711,0.547303488397632
302,2018,245,0.295722029875473,-2.5909312015523
302,2018,246,0.374523806851545,2.96535654773481
302,2018,247,1.63333150530094,2.26513813219276
302,2018,248,1.60755105059308,3.04475994789707
302,2018,249,0.287046834322484,-2.77173256313009
302,2018,250,0.155180422918938,-2.95429985642474
302,2018,251,0.154558968041577,-0.258933192306392
302,2018,252,0.543123874817749,-0.0160447246554334
302,2018,253,0.612301563182313,-2.79178468931734
302,2018,254,0.10444764752064,-0.0936935073376892
302,2018,255,0.733754146590055,0.19320448374653
302,2018,256,0.847527615648483,1.654578806376
302,2018,257,1.45569924217854,-2.95211687942923
302,2018,258,0.587810792949939,-0.767332339026891
302,2018,259,1.14198028189858,-1.76238338224431
302,2018,260,0.234508504487831,-1.56187906277781
302,2018,261,2.28359968586167,1.57439752240836
302,2018,262,1.43699152526459,-0.538599519385256
302,2018,263,0.2700197719318,-2.52453193731258
302,2018,264,1.66573968842736,0.50370282192719
302,2018,265,0.0854513050253633,2.63980755106463
302,2018,266,5.02085541032452,-0.20055773973997
302,2018,267,2.59779695355709,-0.694810430399786
302,2018,268,1.07904497488193,0.39968724163075
302,2018,269,1.23741943866572,3.11021752483791
302,2018,270,0.606804239602485,2.64540569707891
302,2018,271,3.69896313286186,0.820731066763893
302,2018,272,0.953460202576144,-1.68883251711074
302,2018,273,1.09395468363565,2.35081019000413
302,2018,274,1.07401916910004,2.14108258038513
302,2018,275,0.671209147794517,0.539990143487972
302,2018,276,0.559395338607834,-2.17932214750758
302,2018,277,0.650488598227159,3.13342355603816
302,2018,278,0.197042538850745,1.48489302171537
302,2018,279,0.0857426672818023,2.93385417691198
302,2018,280,0.43762114127254,-2.95689141463592
302,2018,281,0.743214041481928,0.449533211580132
302,2018,282,0.0928938856815605,0.977495812337938
302,2018,283,0.658242157195368,3.03843803432613
302,2018,284,0.561170494373734,-3.13798488240318
302,2018,285,0.892672757922947,2.0898849521985
302,2018,286,0.142764874983543,0.335216910827455
302,2018,287,0.0992852705069145,-2.08127073897078
302,2018,288,0.129608739752416,-0.814102505887836
302,2018,289,2.74263657469582,-2.00591758197691
302,2018,290,0.461490784242028,-1.02177370833317
302,2018,291,0.236023633020372,1.4432175101657
302,2018,292,0.0957775228308209,0.899253738233835
302,2018,293,3.3650019952914,0.0900619324559027
302,2018,294,3.01528485448546,2.99356349941791
302,2018,295,0.904392465285163,-1.27439414728506
302,2018,296,1.95888489381315,2.17428882044561
302,2018,297,0.973817342475678,2.49070952797886
302,2018,298,1.61437351838134,0.905380680546576
302,2018,299,1.00360441297174,-2.65163016240025
302,2018,300,0.500058871156256,3.06237512061402
302,2018,301,0.559454205944063,0.2922404074081
302,2018,302,0.479258722192695,1.27636061831635
302,2018,303,1.41171806204471,1.62489256345291
302,2018,304,0.611779681343535,-0.428134149605237
302,2018,305,0.346491766663268,-1.90394459554666
302,2018,306,1.80780065500309,-1.57172812876074
302,2018,307,0.429008251388771,-0.0797810166748132
302,2018,308,1.62284459954898,-1.32688279471925
302,2018,309,0.240897329556421,2.21459715039755
302,2018,310,1.68089963542436,-2.57558626768621
302,2018,311,1.57913187605045,-1.78790827260812
302,2018,312,1.17148862064861,2.88687643322973
302,2018,313,0.0637315815847005,-0.329706048529655
302,2018,314,3.4204153381544,3.1326186490574
302,2018,315,1.63963101666707,-1.9868604918899
302,2018,316,2.83406916769642,-1.48347944859086
302,2018,317,0.686743964191921,-2.96468691064583
302,2018,318,0.0797022710762755,0.941413493454476
302,2018,319,0.457376722855937,-2.25790989165008
302,2018,320,0.317114274758951,0.582469705855902
302,2018,321,0.635971577981965,3.06713348493983
302,2018,322,0.871087451505308,2.89913651427851
302,2018,323,2.27852815400202,-2.96284854860783
302,2018,324,0.411621044213577,-3.12350840509875
302,2018,325,1.44626462026557,2.31088923867851
302,2018,326,1.72614549371845,-1.46349663452943
302,2018,327,0.33619675624426,2.58539012694976
302,2018,328,0.908846556502506,1.59440455823188
302,2018,329,1.75695983675774,-0.185016243153755
302,2018,330,1.78006422656994,-0.480194458374719
302,2018,331,0.941688911787101,-2.6695232890025
302,2018,332,1.11315924467277,-0.415250363637942
302,2018,333,0.171244375261786,-0.390916823042655
302,2018,334,0.649335646216985,-2.02538577614308
302,2018,335,0.81412029438804,-0.981206302787903
302,2018,336,12.6279712796241,-0.247163169220608
302,2018,337,28.2732715790289,-0.407418978785751
302,2018,338,31.1164606113461,0.291715111905936
302,2018,339,10.5780511242112,0.551735705955905
302,2018,340,4.02832104290737,-0.0267704166024387
302,2018,341,8.22343285212875,-0.117959014173875
302,2018,342,1.04565811504694,0.0794368623897364
302,2018,343,0.421243584589429,-0.715740070876592
305,2018,2,0.190801000941325,NA
305,2018,3,0.179228798615621,2.49017559821785
305,2018,4,0.117340902592913,2.17223828154473
305,2018,5,0.283961057138749,-2.80539406087078
305,2018,6,0.0227406794942713,0.233372029579288
305,2018,7,0.350124025630192,0.486125089243006
305,2018,8,0.579142099315733,3.02604965784333
305,2018,9,0.109910259196349,-1.96043906130725
305,2018,10,0.063685365205974,-0.987667019418593
305,2018,11,0.198626157691648,2.63371548763534
305,2018,12,0.525909265042446,2.72800527708364
305,2018,13,0.115124467685193,2.32312812111164
305,2018,14,0.345649977985652,-0.224253961181601
305,2018,15,0.165618487079369,-1.22515600948084
305,2018,16,0.318321272745955,2.75684020576995
305,2018,17,0.532053928694768,1.73033464979837
305,2018,18,0.391107355221024,-3.06419403556978
305,2018,19,0.380758365589495,-1.28042703862291
305,2018,20,0.0937572228557428,-1.94801826140215
305,2018,21,0.47303499713752,-0.339770260432734
305,2018,22,0.246709247048464,-1.57992221186315
305,2018,23,0.0968872501431287,-3.04785014508811
305,2018,24,0.157833462752914,3.11308485494932
305,2018,25,0.721102747602172,-2.17453456976935
305,2018,26,0.155634561860675,-2.28577897481186
305,2018,27,0.439857502993918,-0.673109119038225
305,2018,28,0.60885913668004,-1.31316571335339
305,2018,29,0.65922265176701,-3.12878865166859
305,2018,30,0.291062856860163,-1.56863894829588
305,2018,31,0.907921476454475,3.07915261458879
305,2018,32,0.897769284819888,2.71829889683953
305,2018,33,0.755489123075691,-3.06972892659953
305,2018,34,0.503383101444388,-2.41171406150912
305,2018,35,0.46204022561109,-0.431652249955693
305,2018,36,0.255767917840583,-2.17867081391449
305,2018,37,0.28518072058946,-1.43163336570116
305,2018,38,0.466800417664064,0.860426233429863
305,2018,39,1.67703322980543,1.8637674786056
305,2018,40,1.60784450355475,2.86757687848162
305,2018,41,0.457818980082453,1.49088763868198
305,2018,42,0.463491011833812,-3.06741993080759
305,2018,43,0.456261802057136,2.82784366525431
305,2018,44,0.164493176578819,1.77986256768193
305,2018,45,0.518790003437603,1.00124638253133
305,2018,46,0.361791473284791,2.13615537824033
305,2018,47,0.470829844776302,1.64346585302767
305,2018,48,0.397458040995703,2.44550285221803
305,2018,49,0.263979748719013,1.62427056533331
305,2018,50,0.429651917507054,-2.54366440809833
305,2018,51,1.47761283878587,0.128928113165521
305,2018,52,0.551056001326663,2.62593909267642
305,2018,53,1.29615351104035,0.780737916546272
305,2018,54,0.404676033203004,-2.2880168750604
305,2018,55,0.450366525914384,-1.7755983327393
305,2018,56,0.329563913685238,-2.6232258207439
305,2018,57,0.37927123161957,0.578617825185388
305,2018,58,0.162617336587651,-1.42723667238942
305,2018,59,0.467688800055468,2.89928619278452
305,2018,60,0.518519724412481,2.60855685766321
305,2018,61,0.281055007298334,2.52799877800068
305,2018,62,0.137265370584461,-2.13161998589868
305,2018,63,0.344279587890762,-1.97398927511583
305,2018,64,0.284794841405841,2.07538280266469
305,2018,65,0.689485665765892,2.3296964855666
305,2018,66,2.80954768868043,2.40722095967327
305,2018,67,1.60011191614656,-3.06540866842472
305,2018,68,1.29604174020011,0.0031626332355863
305,2018,69,0.384151554935757,-1.14282974433104
305,2018,70,0.466238922344283,-2.48027267895943
305,2018,71,0.0612153203813468,-2.94455407420377
305,2018,72,0.424776861454311,-0.260383618831252
305,2018,73,0.35287871170704,-1.40748664594951
305,2018,74,0.821321800303931,-2.14892626783445
305,2018,75,0.450891243136685,-2.19098923864061
305,2018,76,0.635732375823471,-1.34818270957407
305,2018,77,0.562821728115547,-3.10219038344053
305,2018,78,0.133942429486748,-0.581200246816691
305,2018,79,0.115243953519809,2.29829501550747
305,2018,80,0.192019689769358,0.135773335901225
305,2018,81,0.166486817831728,2.85143355722959
305,2018,82,0.1258240116252,-2.77863749671155
305,2018,83,0.478950927107281,1.1649683601233
305,2018,84,0.0922107179654197,2.31300774232496
305,2018,85,0.554251656171482,0.5254201592918
305,2018,86,0.0953758650353998,1.435810655797
305,2018,87,0.738671100241108,0.889610147886961
305,2018,88,0.762647275727752,3.09291684459058
305,2018,89,0.386275636489037,2.59955286790246
305,2018,90,0.35119375935668,3.09579210228676
305,2018,91,0.113102541643614,-1.10485774624212
305,2018,92,0.126260958661261,2.40172985915595
305,2018,93,0.528608530129979,2.23596012345904
305,2018,94,0.667314240194482,2.36308211430844
305,2018,95,0.772619251201199,-2.64870945007514
305,2018,96,0.729137333593792,-2.54451201912254
305,2018,97,0.201482006685301,-0.283714633591559
305,2018,98,0.418750178072952,-0.615449426356487
305,2018,99,0.262387194969206,-3.11412965792443
305,2018,100,0.595175013852987,0.460596228490359
305,2018,101,0.65432843125878,3.11423415060819
305,2018,102,12.0151977022773,0.365474243297629
305,2018,103,21.8723509014284,0.318928311617475
305,2018,104,4.68610860169838,0.151229631684663
305,2018,105,7.94201180047527,0.257820977017937
305,2018,106,10.8785060596549,-0.653017763523727
305,2018,107,10.671249960332,0.233820385984862
305,2018,108,9.70879352959548,-0.0814073892677261
305,2018,109,8.3098314157305,0.09820469973653
305,2018,110,6.62170765722862,0.0985020556759508
305,2018,111,7.33816031366984,0.122045734589379
305,2018,112,32.5330896535151,-0.683697378959075
305,2018,113,23.3461943361452,-0.209310230751903
305,2018,114,15.6166465576168,-0.0326127616772407
305,2018,115,4.53563628694708,0.927072500246058
305,2018,116,1.03580754284548,0.461593718233149
305,2018,117,0.250128694265178,-1.43480135783184
305,2018,118,0.513517761616849,1.21084794633809
305,2018,119,0.30310846533727,0.353628678366304
305,2018,120,0.58642989636357,-1.00871501092985
305,2018,121,0.749307480053462,-1.1911503267308
305,2018,122,0.551826633645728,-1.31481711463705
305,2018,123,0.866949710339189,-1.42895208513555
305,2018,124,1.26690912208482,1.68800218775804
305,2018,125,1.53899231512012,-3.01387311393043
305,2018,126,0.152277208857851,-1.91022405737488
305,2018,127,0.158237441428311,-0.912433418172935
305,2018,128,0.759151242290972,2.47836908431183
305,2018,129,1.12608241833596,-2.26292032264978
305,2018,130,0.348855035321007,1.24940017313409
305,2018,131,0.361862904313124,-3.05334112454438
305,2018,132,0.00520651238793716,-0.398218170210656
305,2018,133,0.391680658583903,-2.77209035568111
305,2018,134,0.540168178007668,2.88079658369415
305,2018,135,0.0296208698333123,-1.41962569197151
305,2018,136,1.48160500271041,2.30191861628269
305,2018,137,0.270821756799818,2.10752485115212
305,2018,138,1.5121128886263,1.81916106193469
305,2018,139,0.246338404555794,-1.84542215401483
305,2018,140,0.125111165105929,-2.1433572945694
305,2018,141,0.902719137701487,1.95353963735771
305,2018,142,1.52548769920787,2.17874178782756
305,2018,143,1.00064034127496,3.08078552342643
305,2018,144,1.40147236410739,-0.266131210224395
305,2018,145,0.751945601965491,-0.636420771474201
305,2018,146,0.293243291267837,-1.9634101076307
305,2018,147,0.724124831429016,0.222775770188841
305,2018,148,0.250137087523944,1.45686930795772
305,2018,149,0.897887094108105,-2.38556353450875
305,2018,150,1.03223861063487,2.90598693587327
305,2018,151,0.277733355897036,2.39937622143676
305,2018,152,0.863799385118956,-0.765512510236876
305,2018,153,0.576789577176381,0.865484942731396
305,2018,154,1.32206970284946,2.66546789228973
305,2018,155,0.272279188516453,0.505199510520201
305,2018,156,1.10618304424059,-2.93215337785918
305,2018,157,1.7979691136787,0.538474715228792
305,2018,158,0.646420129240703,-2.51595151051779
305,2018,159,1.57797509575494,-1.28484451065861
305,2018,160,1.53390763704094,2.94127575133938
305,2018,161,0.898520984059057,2.23277421796274
305,2018,162,0.873560731050132,2.05183854980743
305,2018,163,0.861908664204589,0.309035228930506
305,2018,164,0.173119276952626,1.11213233279114
305,2018,165,1.72879507927309,1.51771535444083
305,2018,166,0.903866658621578,-2.89593125096424
305,2018,167,0.875130035114302,-3.00608498579297
305,2018,168,1.36258880819242,2.54073451067388
305,2018,169,1.0761312651313,-1.30065512055901
305,2018,170,1.0645060346675,-3.13087591110979
305,2018,171,0.74882953278961,2.34010387954824
305,2018,172,1.17375745324178,2.46140357268824
305,2018,173,0.288270755364331,-1.83935988732226
305,2018,174,1.24090979267305,1.88407552756123
305,2018,175,1.15925307601622,-1.45600175644535
305,2018,176,1.38651492234577,3.13710131548556
305,2018,177,2.10925193179008,1.50010981387252
305,2018,178,0.714598393513899,-2.19231531984872
305,2018,179,1.09740972465709,2.17655176338682
305,2018,180,0.881803094565423,2.78198469238013
305,2018,181,0.337921490855487,-1.22200158284417
305,2018,182,0.815345079326412,1.53211968915782
305,2018,183,0.878220261565732,2.83885692238812
305,2018,184,0.463822487946307,1.30113248074042
305,2018,185,0.644290287394324,-3.02314519180413
305,2018,186,1.28349824849853,1.86915575030149
305,2018,187,1.19791525753367,2.93446826791494
305,2018,188,0.923922907081107,-2.94125199336503
305,2018,189,1.06544084228109,-2.65241422784481
305,2018,190,0.199407887358972,0.143451904066679
305,2018,191,0.473768087342368,-1.85694515730937
305,2018,192,0.979834013958368,-2.8147323903896
305,2018,193,0.906700976411902,-3.05814571261954
305,2018,194,0.951011679020765,-2.9827644718373
305,2018,195,2.7612646832949,-0.0592835114966128
305,2018,196,0.829514371986162,1.14549253304598
305,2018,197,1.31867029813389,2.40442846758768
305,2018,198,1.98445104152528,2.32877896551388
305,2018,199,2.75082011282565,-0.193141937708171
305,2018,200,4.25969771022238,1.0169378442335
305,2018,201,3.23544976487929,-0.984336888159838
305,2018,202,1.61790246382507,2.36981443042263
305,2018,203,1.05914509057461,1.49321489046195
305,2018,204,0.126855301643885,2.48048338278921
305,2018,205,0.245919095684859,1.28880634356657
305,2018,206,1.11039125129055,-0.953772937529209
305,2018,207,0.377644682167399,0.20054403908811
305,2018,208,0.374648540411625,1.33243242486671
305,2018,209,1.30877111135338,1.89300189682546
305,2018,210,0.24027048898793,-0.323565993114601
305,2018,211,0.0956296200080622,1.58026556177373
305,2018,212,0.509748949324893,-0.51919526984403
305,2018,213,1.0574077187794,2.53754902149511
305,2018,214,0.559187477997464,0.298289351350181
305,2018,215,0.427235952773125,-2.34232042120536
305,2018,216,0.201400678907091,-0.309873883560638
305,2018,217,0.679289372317863,-2.04486644759637
305,2018,218,1.24701115093088,1.04207818389315
305,2018,219,0.613678609850646,2.86880438241109
305,2018,220,0.697560719056676,0.0408068384925979
305,2018,221,0.458479277178175,-0.450918405571135
305,2018,222,0.776743809986201,1.4437015899044
305,2018,223,0.269691332321939,-1.74659150391809
305,2018,224,0.253377622728101,-3.13113515444854
305,2018,225,0.740636360584093,0.783611196967565
305,2018,226,0.576628357312269,-1.82591828836635
305,2018,227,1.14050123439113,-1.07702661203743
305,2018,228,0.675646900955365,0.132105747876991
305,2018,229,1.45408570600963,3.11555853349348
305,2018,230,0.918509260827568,0.590159001022693
305,2018,231,0.080745934983727,-1.967083064155
305,2018,232,0.680871825801456,-1.82736381156568
305,2018,233,1.60245218875741,0.291860689213347
305,2018,234,1.04675069921855,2.84113094310997
305,2018,235,0.417353636314108,0.155072058288404
305,2018,236,0.124946256455035,-0.921211671545572
305,2018,237,0.820688656097797,-2.08835498857265
305,2018,238,0.405338418961649,2.92240596748247
305,2018,239,0.886555750935805,0.146869217139391
305,2018,240,0.0632032119909917,-0.736172604708134
305,2018,241,0.0671783002016394,0.84565230349187
305,2018,242,0.616382435589147,2.77637946569935
305,2018,243,1.14139872958526,-1.51583359553607
305,2018,244,1.0130530661265,1.85823910741614
305,2018,245,0.357934389125865,0.0440997916974828
305,2018,246,0.343243495697681,-2.06404797332977
305,2018,247,1.64119568639127,2.33127936482373
305,2018,248,0.974506324392092,-0.360629397695081
305,2018,249,0.340024906439793,-3.07230704931373
305,2018,250,0.2369275952184,1.66770816119137
305,2018,251,0.415674775284703,-2.37064656743929
305,2018,252,0.271452307888136,0.697970075710888
305,2018,253,0.0628839274978402,-0.101982516229454
305,2018,254,0.301092251825702,2.90045361498714
305,2018,255,0.584017228121592,0.418209200826987
305,2018,256,0.0188830074097039,0.283752097469811
305,2018,257,0.0329962389815849,-0.346707054935551
305,2018,258,0.171252209192391,0.00831036732739321
305,2018,259,0.448266894264944,-2.89033329247876
305,2018,260,0.414879459962532,-3.03857841901025
305,2018,261,0.269940135428065,-0.548259203165257
305,2018,262,0.285631842187226,-2.70355264867252
305,2018,263,0.193903708278231,-1.1905482136627
305,2018,264,0.343071207478663,1.25113942827893
305,2018,265,0.0405761532957811,2.06644597056881
305,2018,266,2.86559071374157,-2.54720398019329
305,2018,267,1.12974102084884,-0.960842679248328
305,2018,268,1.80908051447033,1.71026964937442
305,2018,269,1.2465888251983,-2.83227975026678
305,2018,270,0.779287303146881,2.29664948350661
305,2018,271,8.04599635278881,-0.495354924829265
305,2018,272,8.44008570812826,3.13277180466785
305,2018,273,0.997292917734697,0.417738744385487
305,2018,274,0.706669861765587,-0.0215938486721141
305,2018,275,0.0924299814491966,1.2157801478663
305,2018,276,0.149787299844557,-1.00994874672463
305,2018,277,0.326999914672928,3.14037316588891
305,2018,278,1.31889606757596,1.18598773220101
305,2018,279,1.54489780842481,-3.07908641612175
305,2018,280,1.25720823607665,1.80136505124859
305,2018,281,3.16394755076999,-0.154792256489722
305,2018,282,5.16903436894505,-0.470113522185543
305,2018,283,3.47845830144973,-0.0102626454894335
305,2018,284,0.151925218994607,1.42795885667494
305,2018,285,0.896650394368055,-3.06054234772583
305,2018,286,0.528605179141604,-3.13373456398716
305,2018,287,0.396130019582717,-3.10233829967727
305,2018,288,0.953601997892632,-2.92310408650179
305,2018,289,0.524194377519936,-3.06737032084661
305,2018,290,0.761206003220878,1.75697676482823
305,2018,291,0.677646030308343,-0.708346011619058
305,2018,292,1.69874854501039,1.64474985783596
305,2018,293,2.32900647554792,-0.918399305054006
305,2018,294,1.17576991816131,-1.34210233102035
305,2018,295,7.77920465330606,0.912204369049499
305,2018,296,3.1931374315848,-0.460343566135717
305,2018,297,0.484590827448418,2.85700455309104
305,2018,298,0.634655001672999,-0.352612054604197
305,2018,299,0.836359664935811,2.94521952461184
305,2018,300,0.669093064332781,1.92083810875785
305,2018,301,1.01884354145959,1.97818445562925
305,2018,302,0.118055190779526,0.623505976699398
305,2018,303,0.356227376273938,1.77826123965888
305,2018,304,0.924058927539034,1.56347558412719
305,2018,305,0.276519024607796,-2.97858998350758
305,2018,306,0.258727777308077,2.60954610148471
305,2018,307,0.702009419967853,2.29096615614194
305,2018,308,1.71758321711416,2.96929261672818
305,2018,309,5.2875335800487,-0.031172516742485
305,2018,310,0.266930808054824,0.827841915780632
305,2018,311,5.59167671704257,0.024836581526265
305,2018,312,8.83605193876465,-0.0257129752894629
305,2018,313,28.9454989712319,-0.112839977965476
305,2018,314,17.1071309519809,0.445054981740656
305,2018,315,8.03540891361928,0.384773560207559
305,2018,316,4.78538405917348,-0.221812115842688
305,2018,317,2.90774860013213,-0.0439125768411852
305,2018,318,3.15452907929632,0.514357073219512
305,2018,319,12.1140065313317,-0.576952016760218
305,2018,320,0.496225410253361,0.651782090490576
305,2018,321,0.443323247786502,0.0372437136195995
305,2018,322,9.68194724880038,-0.597941445597653
305,2018,323,11.937815472386,-0.0357431589132666
305,2018,324,6.89994888071676,0.528390814347293
305,2018,325,0.158507178796319,-0.732179201836411
305,2018,326,2.03210032013293,0.127423649000705
305,2018,327,0.906560935151179,-0.575461294214202
305,2018,328,0.11701427514296,2.87265251834364
305,2018,329,2.96354689036094,-2.28590089104496
305,2018,330,16.4471799402481,0.131114209393663
305,2018,331,3.50537945568849,0.272472365749651
305,2018,332,12.3952474287049,-0.613179345451947
305,2018,333,0.311379676147236,2.83289870118031
305,2018,334,0.239946402873998,1.81740633408489
305,2018,335,0.233453388213008,-1.6499113922536
305,2018,336,0.545256065832034,-2.4084277147566
305,2018,337,0.554816784581137,-2.38946184590734
305,2018,338,0.320975385444107,-2.58271313204011
305,2018,339,0.291818794079147,-0.386661513270604
305,2018,340,0.155535853115151,3.06746843260324
305,2018,341,12.9444590972447,1.31830539256814
305,2018,342,2.10043695460989,-0.220779848699209
305,2018,343,0.343098936072682,2.64749795070121
305,2018,344,0.0627443184075133,-2.94491394315575
305,2018,345,0.134362973984092,-0.658967361754025
305,2018,346,0.0860909975361241,-2.46890595074376
305,2018,347,0.0352721769051249,-0.989165208702524
305,2018,348,0.1086939336473,-0.108928700530268
305,2018,349,0.0895544502087158,1.15154520979866
305,2018,350,0.104942579960967,-0.807391725025346
305,2018,351,0.117157822181518,-0.446309461540147
305,2018,352,0.19243347290096,0.727488108255846
305,2018,353,0.0643673197879324,-1.01681071072573
305,2018,354,0.206201400425865,-2.26420702957723
305,2018,355,0.131167803312868,-0.153856737989353
305,2018,356,0.363061314890894,-0.118122924305989
305,2018,357,0.208438817755816,-3.13277431971866
305,2018,358,0.451717996179239,-0.084115214115192
305,2018,359,0.284163071824039,-1.50684590159807
305,2018,360,0.33670183854586,-1.33672651875959
305,2018,361,0.458146509184327,-1.4058836588757
305,2018,362,0.510578363916696,-1.89024621061046
305,2018,363,0.527872023249382,3.12377302476189
305,2018,364,0.0413382837209916,-2.42388144148152
305,2018,365,0.144851849071188,2.31582248613848
306,2017,2,0.135055768002421,NA
306,2017,3,0.171898670126146,3.02658109224986
306,2017,4,0.302117354096012,2.61497362878662
306,2017,5,0.16380907184386,2.8312264956679
306,2017,6,0.0606117834464563,-1.22902912090657
306,2017,7,0.199570353663211,-1.93934019546006
306,2017,8,0.41634807727484,-2.26584816244417
306,2017,9,0.293243004650355,-2.81569800341177
306,2017,10,0.184003995371809,-2.13559670062029
306,2017,11,0.166241768220508,2.14812987061465
306,2017,12,0.178282219572594,2.08992353415679
306,2017,13,0.188346636529811,1.84935693135297
306,2017,14,0.20821859309314,3.10734598010259
306,2017,15,0.167656081352076,-2.92263669443885
306,2017,16,0.19052853516514,3.01571096214073
306,2017,17,0.205178477744926,3.05036385559256
306,2017,18,0.222286447281522,-2.15147461318954
306,2017,19,0.262034398656379,-3.09613277177597
306,2017,20,0.0812735447111697,0.54908426951418
306,2017,21,0.0199913648328967,2.84453889253572
306,2017,22,0.105074419856796,-1.82410280996704
306,2017,23,0.184933213991702,2.78015526405057
306,2017,24,0.0853038377752061,2.37567762285794
306,2017,25,0.179193120344524,1.43476362654147
306,2017,26,0.110557232295268,-2.53876153116165
306,2017,27,0.180886342116148,-1.47778588351775
306,2017,28,0.0483288747751946,2.37891563730502
306,2017,29,0.138444831565478,1.36242178894016
306,2017,30,0.153171462304669,2.85467700899003
306,2017,31,0.133287818285095,0.827721864611661
306,2017,32,0.170449534111836,3.12524671686339
306,2017,33,0.100053345000089,-1.06133913196033
306,2017,34,0.0158135234247947,-0.554240400144439
306,2017,35,0.296275306805634,-2.66734487992981
306,2017,36,0.112135391767489,3.10680649251272
306,2017,37,0.270375617297638,0.128477667892641
306,2017,38,0.07005200583164,-2.54270143040595
306,2017,39,0.0328702872382488,0.0339247077588505
306,2017,40,0.142564252152704,-1.23895494515882
306,2017,41,0.239194064858307,-2.59305732762704
306,2017,42,0.166721024587206,-2.36623699536657
306,2017,43,0.781316303805953,0.995939342198296
306,2017,44,0.899234220475469,-3.03245129888573
306,2017,45,0.171722997931282,-2.38758398724157
306,2017,46,0.388783531540229,-1.91563553440907
306,2017,47,0.293714494326811,2.88180906100476
306,2017,48,0.195584870132152,0.405230991883559
306,2017,49,0.477179428445323,2.62871229720425
306,2017,50,0.370129072716307,-2.98179310635321
306,2017,51,0.0347817504257726,1.99401727441618
306,2017,52,0.287251005625595,2.8459479085929
306,2017,53,0.121932743290701,-2.26641503347837
306,2017,54,0.25267951038069,1.57300626437745
306,2017,55,0.44085612939216,3.00467103206435
306,2017,56,0.498527351283921,-2.71933783966975
306,2017,57,0.319372722471749,3.05056224897874
306,2017,58,0.241922702716587,1.10846371956422
306,2017,59,0.403131105590243,2.62361203572042
306,2017,60,0.399532834678588,3.02186851174049
306,2017,61,0.00629279873044761,0.189204002048409
306,2017,62,0.205270814741248,-0.503716847561796
306,2017,63,0.0946253248180825,1.47432401019465
306,2017,64,0.351298655848238,1.01386692901718
306,2017,65,0.494155479766143,1.72198733511756
306,2017,66,0.48591527424007,1.81750790236735
306,2017,67,0.372770423026146,2.62541573942109
306,2017,68,0.230377758490913,1.49765311470014
306,2017,69,0.213238772722872,2.23628801960485
306,2017,70,0.176712730785637,1.08653478401162
306,2017,71,0.287256778245384,-3.08467990625946
306,2017,72,0.706597369502525,-2.89579729072038
306,2017,73,0.446917122112825,-2.87952831621926
306,2017,74,0.0568914479371732,2.04975649581331
306,2017,75,0.280505922232525,1.5970586845854
306,2017,76,0.479393290586531,3.02029464885927
306,2017,77,0.458141632368588,2.80962840889489
306,2017,78,0.326289281517047,-2.97108957102752
306,2017,79,0.044832245147898,2.09339979780496
306,2017,80,0.459248734358171,0.859521003586259
306,2017,81,0.308626783295196,-3.10279082878123
306,2017,82,0.192472693063187,-0.386631593804438
306,2017,83,0.537425029391085,-2.63210159712333
306,2017,84,0.440190850458465,-2.14524686303533
306,2017,85,0.593931451732081,-1.72355212723812
306,2017,86,0.764064347128534,2.37815737663873
306,2017,87,0.135468158216728,2.2768649770253
306,2017,88,0.167568361467871,-2.94409258285756
306,2017,89,0.233236771050692,-1.13275294390678
306,2017,90,0.344756992885743,-2.75687305104548
306,2017,91,0.271680560310371,0.494688691905321
306,2017,92,0.0335988652530062,-0.770807073650368
306,2017,93,0.390577270305626,0.13112415193669
306,2017,94,0.389005722193804,-3.06784739963979
306,2017,95,0.122376664422866,-0.23063151773959
306,2017,96,0.070904423811153,2.92751705406844
306,2017,97,2.36101121349092,0.155312832950605
306,2017,98,5.67196789949736,0.407596627601201
306,2017,99,9.20188679776351,-0.400170162846617
306,2017,100,2.72967427836133,-0.0365369227310701
306,2017,101,7.30652209349448,0.87690976418637
306,2017,102,1.78468752075224,-0.441759639970086
306,2017,103,4.47890331102299,-0.254749685130527
306,2017,104,10.5276216142057,0.0793933300439917
306,2017,105,19.9438814879491,0.633166206306979
306,2017,106,14.2519595651393,-0.122436809886482
306,2017,107,11.0988310034005,-0.0404999825650849
306,2017,108,5.52594246700857,0.0465441047842781
306,2017,109,9.24775083838978,-0.323487600922976
306,2017,110,7.22441390510128,0.377973540256729
306,2017,111,1.02771639999619,-0.289723594587538
306,2017,112,0.0572455725125152,-2.31595543020387
306,2017,113,0.566943553919529,-0.0577613283071141
306,2017,114,0.0913479735826182,-2.6759926938845
306,2017,115,0.205154208913269,-2.77594704221436
306,2017,116,0.0883992611810864,-1.56662720663232
306,2017,117,0.173648004572519,0.848613841497223
306,2017,118,0.54564175103913,-2.93412631437886
306,2017,119,0.492633495976148,2.20461729440193
306,2017,120,0.500226011694196,-2.52480328184646
306,2017,121,0.947218880999999,-2.44553317894551
306,2017,122,0.268118082511675,-2.59954572325278
306,2017,123,0.501231625243122,-1.83374012717501
306,2017,124,0.359127931213114,-1.43533180288371
306,2017,125,0.973091275773585,-1.36867029551423
306,2017,126,1.14102679667107,3.13218851650938
306,2017,127,0.811178720293422,2.83482720122327
306,2017,128,0.952678612400408,-2.67119341325275
306,2017,129,0.236554522682493,2.0384871337571
306,2017,130,0.596228052217756,-2.47259968270868
306,2017,131,0.764338620730453,0.578149964474471
306,2017,132,1.62273179912176,3.05442834598296
306,2017,133,0.134899931573106,-2.84830554993389
306,2017,134,0.490293161095491,2.84732696042021
306,2017,135,0.452084423045235,2.3803341744806
306,2017,136,0.141808353474894,-1.31726351968388
306,2017,137,0.386265845790092,1.64596488864963
306,2017,138,0.929481348297633,2.84941751497949
306,2017,139,1.18873396044783,3.02248613155604
306,2017,140,0.134011218153934,-1.05395365918833
306,2017,141,0.78539561556399,3.11176077193224
306,2017,142,0.988732719832062,-1.88425144538175
306,2017,143,0.0947420238703265,-2.4340456841692
306,2017,144,1.15597742113434,-0.180278643546585
306,2017,145,0.182054634342994,1.59750881351213
306,2017,146,0.563068177336472,-2.49349495429065
306,2017,147,0.206333113363539,-1.94433570966888
306,2017,148,0.552179123179452,-2.08463417253107
306,2017,149,0.273296867371084,2.02020849039961
306,2017,150,0.357233941848464,1.23166551776339
306,2017,151,0.208663117534078,1.37385344666675
306,2017,152,0.0394491437203307,-2.03694771176981
306,2017,153,0.0942248793617935,2.97640776380096
306,2017,154,1.38977718915748,1.72643221063651
306,2017,155,0.473486544176209,2.40886015945624
306,2017,156,0.718684551477492,0.907790287101935
306,2017,157,0.54140994886806,1.28547260813791
306,2017,158,0.40704109910726,-1.76530540140059
306,2017,159,3.28887792223779,-2.12331552969984
306,2017,160,0.995008248331365,2.23160582934484
306,2017,161,1.23000364620582,2.26744897997468
306,2017,162,0.268059212600543,-3.00720072301218
306,2017,163,1.48168224495749,2.11792606858903
306,2017,164,0.757627522328148,-0.940547604725507
306,2017,165,0.30646522178796,-2.73524339403275
306,2017,166,0.872282569848124,2.48709325787298
306,2017,167,0.832235841756858,-2.87326902372219
306,2017,168,0.38310086580369,-1.69763918239
306,2017,169,1.01782359558421,-1.93609974118204
306,2017,170,1.3433195526428,-3.00093849987566
306,2017,171,0.762916282286217,-2.40313243947217
306,2017,172,0.4111471545464,-3.00173547246068
306,2017,173,0.240716749553354,-1.47844410017976
306,2017,174,0.706010604607003,1.55184246656679
306,2017,175,0.19415592344302,-0.899105261337185
306,2017,176,0.25300896929751,3.03111612880793
306,2017,177,0.921647914955466,0.456195437384461
306,2017,178,0.195364530517205,2.56033444837976
306,2017,179,0.639573405847213,0.296136755258691
306,2017,180,0.890687569711974,0.295699476121736
306,2017,181,0.54717407804718,0.993909772785237
306,2017,182,4.60745771608588,-0.248325093367669
306,2017,183,0.991186903177288,-0.0596810504832677
306,2017,184,1.41358984519137,2.97298793873634
306,2017,185,3.11570924450275,-0.17546023355708
306,2017,186,2.38683135277131,-3.05675151369007
306,2017,187,0.734663720776152,-0.368969778304943
306,2017,188,2.94120418705324,0.393109648815153
306,2017,189,0.426264118848603,2.49785132153492
306,2017,190,1.35993329700347,1.36081153635042
306,2017,191,0.721421611412291,-1.37620502617978
306,2017,192,5.43827432181959,0.560301318449822
306,2017,193,1.72722412248098,0.511784498635908
306,2017,194,0.357532459871497,2.6918596513536
306,2017,195,1.60635793838256,-0.178069660436533
306,2017,196,1.08014913542181,-0.386426811946736
306,2017,197,0.814142249530589,-2.1294663183875
306,2017,198,1.61429333329975,-0.503634434480269
306,2017,199,2.24840685237461,-3.13212474928611
306,2017,200,1.9357570753707,0.146988016130306
306,2017,201,1.33940385539286,1.49452227879127
306,2017,202,0.896013053512171,-1.2236472758958
306,2017,203,1.25181296624694,-0.591690173725118
306,2017,204,0.396457095058532,-1.44806844751069
306,2017,205,0.977477581579967,-3.01997905772454
306,2017,206,1.39643355663659,1.52202887895959
306,2017,207,0.747791388434557,0.868056316868184
306,2017,208,0.73470662772046,2.83842297633192
306,2017,209,0.906241733694333,-1.17243549545237
306,2017,210,1.56008991719287,-0.887895390177921
306,2017,211,0.321802254802974,-1.39738732807492
306,2017,212,1.96764999761836,-1.37257521541023
306,2017,213,2.3731057370749,1.34719080516062
306,2017,214,0.520318987729286,0.711287881047752
306,2017,215,1.34135846543281,-0.391262462291468
306,2017,216,1.64383829194431,-1.14299422404669
306,2017,217,0.474586519123303,0.951927965729796
306,2017,218,0.7882329096836,-2.49777249881789
306,2017,219,0.997044172780861,-1.67597666945557
306,2017,220,0.267058654112218,-1.41182032407621
306,2017,221,0.49207861316782,0.994384453009439
306,2017,222,0.814227688122147,-2.51211363762105
306,2017,223,0.283003741375686,-2.96418536011991
306,2017,224,0.928615191181568,-0.121178913841645
306,2017,225,0.714891351491539,-0.180854457917492
306,2017,226,0.385886447692962,0.628289736844199
306,2017,227,3.17476674183078,0.0439486207930955
306,2017,228,2.24469234084056,2.25152952147487
306,2017,229,1.58822944102084,1.03744370233239
306,2017,230,0.532907251409287,-0.590084254886429
306,2017,231,0.906058598519457,1.50514557696971
306,2017,232,0.992162379104612,1.34718141275678
306,2017,233,1.27509820507709,-2.49941075382496
306,2017,234,0.530191351276177,-2.37591555915443
306,2017,235,1.54723568767469,-1.02233642873351
306,2017,236,0.332071908131591,1.84479498676739
306,2017,237,3.37871783463209,-2.11354286946215
306,2017,238,0.0913249289519802,1.70909492860755
306,2017,239,0.0264664150348611,3.13781781115608
306,2017,240,1.73233188023722,-0.977694257843538
306,2017,241,0.6771973591647,-2.15308730161147
306,2017,242,0.319678961962674,-1.79558811331332
306,2017,243,0.674832855097193,2.02541245592645
306,2017,244,1.0016650159095,-2.96746898314302
306,2017,245,1.01377860576114,2.91135522589015
306,2017,246,2.21835002775662,-2.9546283731003
306,2017,247,0.464840466267766,2.7055816884671
306,2017,248,4.90177150971782,1.45746229497547
306,2017,249,1.00384564513085,-2.07423244609853
306,2017,250,0.418464985593567,-1.94273316354062
306,2017,251,1.15562182966188,-1.53482699988599
306,2017,252,1.48317113971167,-0.991455511981179
306,2017,253,2.30617263085745,-2.75356806388441
306,2017,254,0.77731483294851,-0.581622990168148
306,2017,255,0.6971461209518,1.78710568058582
306,2017,256,0.481542739571322,0.157143696190719
306,2017,257,2.58350944895703,2.5564614226624
306,2017,258,0.604978999168025,1.95732524018561
306,2017,259,1.80337380253881,2.46539316625901
306,2017,260,4.66342693448496,1.03185684162818
306,2017,261,0.886916780359446,2.74541410545304
306,2017,262,1.39187534644935,2.62087688450336
306,2017,263,1.58899117271731,1.91818600714898
306,2017,264,1.39312195995126,-0.887919387728214
306,2017,265,0.270681096133859,2.32865822400443
306,2017,266,4.24156875072954,0.889467727739913
306,2017,267,1.87951775744773,0.569163625577613
306,2017,268,0.369783213651644,-1.89413668337294
306,2017,269,2.22410543286913,-1.94423711937207
306,2017,270,4.3111345071951,0.340747236650905
306,2017,271,2.39938709848165,-0.373530948178558
306,2017,272,2.32246269359778,-3.10321893812111
306,2017,273,1.6973834405775,-2.97266330838071
306,2017,274,16.6918443759289,-0.168736271243773
306,2017,275,9.62794000087569,0.0978762227670553
306,2017,276,11.3322022069419,0.00213801227634303
306,2017,277,5.10029870277972,0.356280303318092
306,2017,278,5.2358108522174,-0.587142190592209
306,2017,279,7.19659248226209,0.533856041011033
306,2017,280,0.455963909432144,-2.81206502014691
306,2017,281,0.606724671338243,-2.08945898701686
306,2017,282,1.07396933289942,-1.97579354058963
306,2017,283,0.241761187020048,1.58455454547142
306,2017,284,1.69003126027133,2.36557125670174
306,2017,285,1.20619686198906,-2.69487692484907
306,2017,286,0.928286500744012,2.80232188848477
306,2017,287,1.26198642954208,2.97230275589047
306,2017,288,1.5188845253874,2.82033263043976
306,2017,289,0.365486656694686,0.121342055782304
306,2017,290,0.434240337196749,-1.76418399044909
306,2017,291,1.91059720733754,-1.71534571596026
306,2017,292,1.08543811609941,-2.69978957679251
306,2017,293,0.685482303491387,0.672346986739092
306,2017,294,0.560585854475903,-2.57706607729565
306,2017,295,0.205815277272754,-2.9784956213324
306,2017,296,1.31048733037618,2.29000957467749
306,2017,297,0.622281133006511,-2.36955518268813
306,2017,298,0.456727677424247,-2.95886606126216
306,2017,299,0.141735215275751,-0.00743649393212564
306,2017,300,1.3069957678787,1.95078904750486
306,2017,301,0.477077547701716,2.50066708456081
306,2017,302,4.57482119206097,0.56250843051149
306,2017,303,10.4291226929207,-0.929217082507874
306,2017,304,9.25553325334601,-0.0434555778604722
306,2017,305,1.07427532404488,1.07055895395105
306,2017,306,2.26478949334162,-2.81844351878643
306,2017,307,0.052356869995019,1.45636546970038
306,2017,308,0.17180814032272,2.58072693761267
306,2017,309,6.05456947775331,-1.75569889479158
306,2017,310,3.07690604533045,-1.07680095969372
306,2017,311,2.75457040730687,0.380851715656652
306,2017,312,4.93198517301131,-0.0119544472474598
306,2017,313,2.56439106153969,-0.166641764923244
306,2017,314,2.42226135069766,0.870553710484694
306,2017,315,4.46109889187343,-0.97317225441953
306,2017,316,1.0673411570448,1.27343713125736
306,2017,317,1.11323185113517,3.00477784784824
306,2017,318,1.14577528967491,2.34553820751487
306,2017,319,0.200791363864902,-1.77726751203467
306,2017,320,0.640284418677762,-2.86665535077885
306,2017,321,0.232464640572767,-1.79476092644327
306,2017,322,0.601450933179705,-1.38662029669546
306,2017,323,1.08125162748478,-0.38748948214913
306,2017,324,1.07707968435664,-2.83916304801203
306,2017,325,1.07288010588887,3.14137163772053
306,2017,326,1.14793992716819,2.83305114005636
306,2017,327,1.11364921263367,1.79278320347307
306,2017,328,0.25669234650985,-2.98385455057437
306,2017,329,0.352557314626058,-3.10026596898692
306,2017,330,0.660955628958685,3.09184550240923
306,2017,331,1.24816195239495,-1.6860668387233
306,2017,332,1.13195269164183,3.13016485435235
306,2017,333,0.5840750660813,-1.46342824620859
306,2017,334,0.180802943886665,-2.57525827713816
306,2017,335,1.10898920629013,-0.706099926051744
306,2017,336,0.374518297914498,-2.76893204300104
306,2017,337,0.577035823307428,-0.619643954142679
306,2017,338,0.220149771274772,0.455111793757532
306,2017,339,0.653471784560864,2.78303234949767
306,2017,340,0.550595179594653,-3.02147669332093
306,2017,341,1.20463057686575,-1.86471777606047
306,2017,342,0.0833397748336971,1.41225103734236
306,2017,343,0.945897537288319,1.81684839884597
306,2017,344,0.107407658464947,-1.56961530009089
306,2017,345,0.836056297298194,-1.65831188158163
306,2017,346,0.66333177306778,-2.87252440118011
306,2017,347,0.71111185466946,3.0078125330367
306,2017,348,0.0937441486647363,-1.02066542907262
306,2017,349,0.557356715100805,-2.12123393291696
306,2017,350,0.34532112463075,-0.159958504432183
306,2017,351,0.318095866878515,0.72842705905427
306,2017,352,0.441910644912222,-2.20560201757115
306,2017,353,0.117127222162462,0.356445283117667
306,2017,354,1.15431731661882,-2.11025606653693
306,2017,355,0.702381284736027,-2.18959872595133
306,2017,356,0.56006635943483,-0.792269932692912
306,2017,357,0.59580985249408,-1.91054738856917
306,2017,358,0.454002138013864,-2.24795001212899
306,2017,359,0.0775010781283813,2.18776478537908
306,2017,360,0.322121547861297,1.04523245514839
306,2017,361,0.0236355578640581,0.994725737948977
306,2017,362,0.037799491747494,-0.984833271070808
306,2017,363,0.277126248659709,1.02279013714339
306,2017,364,0.0715174144039986,-1.88622406746272
306,2017,365,0.320315152145918,-2.07766571610131
321,2017,2,0.242955037442056,NA
321,2017,3,0.238270848170536,-2.53666734593169
321,2017,4,0.295586880901632,-0.203211974911586
321,2017,5,0.455481808065726,-2.9695415839536
321,2017,6,0.631545933861465,2.19561558426474
321,2017,7,0.598177234972925,-2.91858942126386
321,2017,8,0.341641486090178,-2.7381668715569
321,2017,9,0.148281051637327,-3.02313649224685
321,2017,10,0.24957729076606,-0.524286620646831
321,2017,11,0.0561120269444539,-1.31415383508764
321,2017,12,0.162473193693756,-0.612313100689961
321,2017,13,0.348246314295641,-0.725910420213816
321,2017,14,0.276318851960777,-2.13463243396337
321,2017,15,0.349127835456148,-1.0204098696085
321,2017,16,0.410278674745931,-2.02096652503554
321,2017,17,0.438396759730014,-3.09500421621883
321,2017,18,0.30908574203837,1.71415541215384
321,2017,19,0.0436172919687581,-0.924911245175011
321,2017,20,0.128902637204275,2.21256806755846
321,2017,21,0.0824662320462019,-0.907666036774283
321,2017,22,0.682181337471287,2.85266038177565
321,2017,23,0.131228275407819,-1.91988425561043
321,2017,24,0.21869297036692,-2.27986040891523
321,2017,25,0.5225611193449,1.248845068309
321,2017,26,0.201099125391329,1.50708872471086
321,2017,27,0.668344390227486,1.95647205278554
321,2017,28,0.609558666366986,2.82254974931429
321,2017,29,0.446226954363393,1.83855315267713
321,2017,30,0.234511727428167,-1.9059269898289
321,2017,31,0.597043603976782,-2.94697062887863
321,2017,32,0.0245928650142573,-1.27334149534999
321,2017,33,0.51107331897286,-2.58751936109695
321,2017,34,0.379762226592895,2.86378603816378
321,2017,35,0.276385811695792,0.79240320908561
321,2017,36,0.70076740071578,2.41369377093498
321,2017,37,0.618741287051035,2.74572944462742
321,2017,38,0.399730875174273,1.2030548605342
321,2017,39,0.0665235205179935,-2.15986236448313
321,2017,40,0.600858502933554,-2.13660336734386
321,2017,41,0.621404947330543,-2.80799910285163
321,2017,42,0.149774046576115,-2.2096432053223
321,2017,43,0.135482619139276,0.697346811588232
321,2017,44,0.227017626311401,2.17213983455081
321,2017,45,0.663555710363686,2.33548923502432
321,2017,46,0.423745538723741,2.05889801791984
321,2017,47,0.520083153773865,2.05698460796608
321,2017,48,0.123107790212818,-0.969247957852989
321,2017,49,0.323135683353731,-2.99082981126581
321,2017,50,0.175509239194222,-2.23782246430759
321,2017,51,0.235330794484322,-1.90974002236522
321,2017,52,0.175944990081057,2.46281580029534
321,2017,53,0.120448014697196,-2.60454197672757
321,2017,54,0.120663226387068,-0.564199416648057
321,2017,55,0.370154181537925,-1.02997776789669
321,2017,56,0.291172370967627,-2.03816403329883
321,2017,57,0.0716259084902152,-1.45194681717065
321,2017,58,0.306027524849758,-1.53289095311273
321,2017,59,0.0953319860370692,-2.39230137918817
321,2017,60,0.462240084577615,-1.18229616796208
321,2017,61,0.111187714815893,-1.32467334207123
321,2017,62,0.196091326136319,-0.716456313129988
321,2017,63,0.188720695532452,-3.0606926113461
321,2017,64,0.192338610320368,-0.548585259670086
321,2017,65,0.424651432988146,-2.95010458098537
321,2017,66,0.650939456802667,-1.6559636797691
321,2017,67,0.20993418676455,-0.281549325159298
321,2017,68,0.687026738590974,-2.56373657288862
321,2017,69,0.396890933327265,-2.59186914443305
321,2017,70,0.189140408940595,2.81434613047714
321,2017,71,0.367450848255291,2.34651316424048
321,2017,72,0.619488413080085,1.18377428492717
321,2017,73,0.130778033704324,-3.02080309956817
321,2017,74,0.511728749446137,0.34436788320084
321,2017,75,0.171883551435517,-1.29924306697919
321,2017,76,0.279967623661673,-1.57037480731862
321,2017,77,0.247426484099271,-0.656853330925114
321,2017,78,0.197208487529144,-0.949668414994522
321,2017,79,0.526716135989738,-2.12278979462369
321,2017,80,0.133970179731162,0.35153411042808
321,2017,81,0.402396736981162,-2.61872096086438
321,2017,82,0.512257595048164,1.10160075065435
321,2017,83,0.419157500196504,1.61361871864191
321,2017,84,0.313682817883769,3.06730613421842
321,2017,85,0.544116544932416,-1.66903057664181
321,2017,86,0.336567297816487,-2.82015209631182
321,2017,87,0.233036191330308,-0.469765414573939
321,2017,88,0.356197656076196,-2.99790192639403
321,2017,89,0.0180436069268821,2.39596041951887
321,2017,90,0.0388143953465721,2.81594762043076
321,2017,91,0.424935470828609,-1.13952648810377
321,2017,92,0.424516517637248,1.73164036095743
321,2017,93,0.890454675617246,1.79427790266807
321,2017,94,0.291952693276845,2.82698856492571
321,2017,95,0.522360972428987,3.07994891148782
321,2017,96,0.0817498691616199,-3.00980113428901
321,2017,97,6.40621336454769,2.98280017039632
321,2017,98,3.2045718904489,-3.08957197056141
321,2017,99,3.65429096133136,-0.222752842133605
321,2017,100,0.326091927280184,0.875780350323174
321,2017,101,0.18918777126549,-0.508648564940456
321,2017,102,0.426988209386045,0.774812142245142
321,2017,103,1.08650535191481,1.99689796023251
321,2017,104,0.965318652828312,-3.1132964420579
321,2017,105,0.120061775362863,-1.74476615569838
321,2017,106,1.12915644498577,-1.28330123946158
321,2017,107,0.622808080216175,2.76894768287382
321,2017,108,13.7694779118734,-2.92147224745947
321,2017,109,7.91408730737871,0.409849069379965
321,2017,110,22.5569796217086,-0.106261213789618
321,2017,111,13.6455452732616,-0.662930791141254
321,2017,112,20.5552804179253,0.263201347360779
321,2017,113,13.0199276230663,-0.109132020643389
321,2017,114,12.3806502126552,-0.0122185605525278
321,2017,115,8.45112206183658,-0.087877487216514
321,2017,116,11.3944159928152,0.14207284387432
321,2017,117,3.9935717527905,0.169261469433406
321,2017,118,1.10874266605806,0.588901257435375
321,2017,119,0.495778906540333,-2.9104991042865
321,2017,120,0.269410717769155,2.64240724573535
321,2017,121,0.672369094994773,2.06297323622789
321,2017,122,0.607757632007021,-2.82405819300979
321,2017,123,0.530859885815629,2.88446194833703
321,2017,124,0.611919841920576,2.41066030953722
321,2017,125,0.825611695318106,-2.41437577836237
321,2017,126,0.613959606592519,-2.314931867734
321,2017,127,0.0493115026239869,-0.536813143429916
321,2017,128,0.625594861864514,-2.33549932087079
321,2017,129,0.198075924178936,0.786308269909911
321,2017,130,0.884320611305494,2.63312356083334
321,2017,131,0.49679868938085,0.314456789399906
321,2017,132,0.586911509349486,2.72762666460463
321,2017,133,1.01196153599454,-0.0668778172684981
321,2017,134,0.80343963888689,2.39648994201868
321,2017,135,0.942211988167639,1.27446317215119
321,2017,136,0.107408890703251,-0.641393027240278
321,2017,137,0.466803643356858,1.86613732976096
321,2017,138,0.186508998734876,-2.90039962939618
321,2017,139,0.188688608412558,-2.18116929771194
321,2017,140,0.653987723177282,0.789619970833169
321,2017,141,0.445216839267931,1.93338420365386
321,2017,142,0.289924822033542,2.11489886652742
321,2017,143,0.789052213886535,-1.22487036833721
321,2017,144,1.1531788815914,-2.59107575425941
321,2017,145,0.450124410833128,0.970802833139288
321,2017,146,0.0334604837273717,0.667551767103603
321,2017,147,0.1570431079093,2.76359805173825
321,2017,148,0.0364135570470164,-0.767351208941064
321,2017,149,0.0940308912097536,3.06492024286949
321,2017,150,0.829805989428415,-2.67382871226845
321,2017,151,0.376510240917136,2.21962766283198
321,2017,152,0.411953459656775,-2.70844175152963
321,2017,153,0.482273045738843,-0.763457198504671
321,2017,154,0.338988859437975,0.664020438232442
321,2017,155,0.2754139372567,-2.25122213424753
321,2017,156,0.381432354270576,-2.31173398844709
321,2017,157,0.667658519678695,0.703209475637114
321,2017,158,0.65269579084577,2.90461915995786
321,2017,159,0.0954556633526037,-0.102620097700494
321,2017,160,0.306029977547187,1.13647571068966
321,2017,161,0.515127821662082,2.21622927056867
321,2017,162,0.541228500969212,-2.60118474573835
321,2017,163,0.437356216211332,-3.03576651073295
321,2017,164,0.345629025026519,-2.73900229485997
321,2017,165,0.0804779679608181,-2.47952806205128
321,2017,166,0.174705694922009,-2.30278175676815
321,2017,167,0.808903081991768,1.04102137788594
321,2017,168,0.650646957444487,-1.12575352151589
321,2017,169,0.744559600413769,0.417723687726649
321,2017,170,0.194929911720924,2.13281896275792
321,2017,171,0.697746101283221,1.26381726402259
321,2017,172,1.61354659508513,-1.42981553278911
321,2017,173,0.484343155602964,-1.32888938116914
321,2017,174,1.29519434981381,0.389131001728133
321,2017,175,2.58220995919815,1.36975805826144
321,2017,176,0.89086187872051,2.86915512904718
321,2017,177,0.602627321072714,-2.35665628314817
321,2017,178,0.511492699611223,-2.52453625927419
321,2017,179,1.19410281469917,1.66887627098087
321,2017,180,0.923887306447137,-3.04207160163496
321,2017,181,0.894213651746702,-0.440550105531027
321,2017,182,0.849757220308153,-3.03531350803331
321,2017,183,0.622435115530464,2.28619424272047
321,2017,184,0.581448896497785,2.02493817028119
321,2017,185,0.470883512772437,-0.778263796892629
321,2017,186,0.60820699403595,2.88659207659234
321,2017,187,1.55682880177604,0.0347782440121867
321,2017,188,0.709332595437798,2.80739929063847
321,2017,189,0.199251006995912,-1.43746815951484
321,2017,190,2.34355082900013,2.02303334545831
321,2017,191,2.09780179596526,-0.811560918694962
321,2017,192,0.765262716331682,-2.72056214951722
321,2017,193,1.38232768533595,2.35868396145234
321,2017,194,0.606664927867672,2.30694453705662
321,2017,195,0.416874278281334,-0.818648187260601
321,2017,196,1.05773789766325,1.89900261290805
321,2017,197,2.83767878619247,0.626826883653258
321,2017,198,1.05763756016796,-3.05593012854394
321,2017,199,0.508577851881211,2.99764299588958
321,2017,200,0.438390167186663,-0.161670215889258
321,2017,201,0.407070599616011,0.199787581202434
321,2017,202,1.25067905418267,0.253982590684577
321,2017,203,0.104562643825601,-1.44421987186856
321,2017,204,0.670919632076187,-1.67301955139612
321,2017,205,0.0215015765389767,2.4905210351494
321,2017,206,0.46422953823931,0.27664405363763
321,2017,207,0.576605415504585,-2.02505896794375
321,2017,208,0.484675455458792,2.95993608099571
321,2017,209,0.584588011713199,2.29067537190348
321,2017,210,0.362482893088037,-2.47071748548397
321,2017,211,1.71582775850914,2.78060154069147
321,2017,212,0.393847300337888,0.0188509970426529
321,2017,213,0.408515748329175,-0.48127901261635
321,2017,214,0.68643782071561,-2.21207141158504
321,2017,215,0.839215497947864,-0.425200171557251
321,2017,216,0.555010653707357,-0.215323075438693
321,2017,217,1.58373485354171,-2.68564234658486
321,2017,218,0.138138246849272,-0.406344705355671
321,2017,219,0.217317367778275,2.99979745025448
321,2017,220,1.08636397483735,0.788914672233312
321,2017,221,1.18358695361323,3.00792582871715
321,2017,222,0.852572670076234,1.27378989215887
321,2017,223,0.549968115315862,-3.11621482617075
321,2017,224,0.39860233875553,-1.04199943725995
321,2017,225,0.901103217273581,-1.70251843369826
321,2017,226,0.20731466939542,-2.80086831401842
321,2017,227,0.940190546777614,-0.751342072022587
321,2017,228,0.366718153711601,1.91488009486271
321,2017,229,0.305573109096294,-0.50087209750162
321,2017,230,0.880387664623649,0.254191585263028
321,2017,231,1.04718717609269,2.37972760157425
321,2017,232,0.498283166421791,0.295922007112293
321,2017,233,1.65341583695383,0.369237319847026
321,2017,234,0.214457565867959,3.07486609114365
321,2017,235,0.361341969304193,-1.58506649130848
321,2017,236,0.605536321666092,-0.971546882917799
321,2017,237,0.362078169744432,1.77839212765361
321,2017,238,0.389332666765864,-3.02674975214161
321,2017,239,0.0558109934850916,-2.14342350890736
321,2017,240,0.639125804436545,0.451469999000431
321,2017,241,1.31633281611905,-0.489928780147658
321,2017,242,1.09994267387929,2.958214015146
321,2017,243,0.316034567143497,2.29286608318759
321,2017,244,0.334489907959838,-2.61763998990044
321,2017,245,0.764505712583204,0.344838078408196
321,2017,246,0.305477966727597,-1.53348747569886
321,2017,247,0.3484741892119,-1.93124878222039
321,2017,248,2.52928055695022,0.252588273324331
321,2017,249,0.743314917107755,1.84832096189157
321,2017,250,0.784207263716845,2.17364924103482
321,2017,251,0.912606820329742,-1.12957934352087
321,2017,252,0.428487699431803,2.75132774275837
321,2017,253,0.317950457675926,-2.8024231578426
321,2017,254,1.11211224508946,0.898590486177334
321,2017,255,0.857201662961551,1.47434225603585
321,2017,256,0.0242393863574186,2.53862421059613
321,2017,257,0.185739923691806,-2.69452021560142
321,2017,258,0.303901086483929,-3.02922066430618
321,2017,259,1.67844649745781,-1.93586357549366
321,2017,260,0.306169215108309,-0.465537533795167
321,2017,261,0.102600838921844,2.68099429722989
321,2017,262,0.371685613558188,-2.41249122867358
321,2017,263,1.02521178076124,1.19597819649089
321,2017,264,8.79612869541521,-1.01420061401729
321,2017,265,2.42844492681826,0.0244333394561491
321,2017,266,2.07298905772904,-2.89781077764316
321,2017,267,1.80814339370059,2.77218434900431
321,2017,268,0.448679274768348,0.348082073659799
321,2017,269,0.571368318855652,0.0892711144852734
321,2017,270,0.0492979789543181,-2.07481048887567
321,2017,271,0.107740853939563,-1.76494908262852
321,2017,272,13.5944466476149,-2.86810821465577
321,2017,273,23.9773834276855,0.0308184536446356
321,2017,274,11.2616874872604,0.161871177573649
321,2017,275,0.468671608167308,-0.288483286518602
321,2017,276,5.41307387649714,0.326896096707535
321,2017,277,0.874685453950004,1.21330883708725
321,2017,278,1.25368755059372,3.01013095559641
321,2017,279,0.646402677004895,-0.00833695577323468
321,2017,280,0.353818523780845,-0.303843623443029
321,2017,281,1.22935748431858,-2.96649054614926
321,2017,282,1.02042066490312,-2.99019718534812
321,2017,283,0.594901663880237,2.3011890454061
321,2017,284,0.850495623937368,-3.07908540286376
321,2017,285,0.281525420318181,0.00676358096315344
321,2017,286,0.177262382418606,-1.09345774724425
321,2017,287,0.881049480296744,1.44349779275578
321,2017,288,0.230284716290305,-1.03932608129887
321,2017,289,0.284560613420553,-2.67786915037526
321,2017,290,0.329794343811308,1.50877142651548
321,2017,291,0.996340326353355,-1.62685731006028
321,2017,292,0.139634304643744,-1.27767268560072
321,2017,293,0.508316676703095,-2.21348703406003
321,2017,294,0.119187575052426,-1.09826138870112
321,2017,295,0.695266155198445,-0.540625817643675
321,2017,296,0.726075243694159,-2.84202999443712
321,2017,297,0.0181328532776941,1.97436131664179
321,2017,298,0.309571991936179,3.03758379133722
321,2017,299,1.17994606872561,2.86558374718701
321,2017,300,0.783575244494103,2.8010432707721
321,2017,301,0.589117777676845,-2.81961503033555
321,2017,302,0.639005849404014,-2.71836396019688
321,2017,303,1.19553772280517,-2.29013946422371
321,2017,304,4.05649806722737,-0.745672809847996
321,2017,305,0.119892985535141,-1.2152040268939
321,2017,306,1.44703566253151,-0.0403705173750426
321,2017,307,6.01405311245874,0.607460347372635
321,2017,308,4.05305099898916,0.126981744422154
321,2017,309,32.077471482301,0.440199681492389
321,2017,310,6.57876411558116,-0.315847376390117
321,2017,311,7.27726966524027,0.160256269413028
321,2017,312,0.609887453687751,-0.0340344903060483
321,2017,313,0.057214312262332,3.01562750054992
321,2017,314,0.726224366181826,-0.0944463479570379
321,2017,315,0.232708387347409,-1.4032339491236
321,2017,316,0.629555259469201,2.41929265350849
321,2017,317,0.199736049616359,2.2686312780604
321,2017,318,0.90763651718489,0.284813980902249
321,2017,319,0.609309337580176,3.05365015231605
321,2017,320,0.501142569513957,-2.84251576172171
321,2017,321,0.572739278516106,-0.902195654491702
321,2017,322,0.862025289543953,3.03056875794479
321,2017,323,0.298917018897881,0.99245834773296
321,2017,324,0.367004757860239,1.71922923866071
321,2017,325,0.398319992538752,3.08859668056343
321,2017,326,0.10818681113147,-1.91090773020784
321,2017,327,0.386974817182806,-2.08592061845415
321,2017,328,0.693256835257646,1.82163037681786
321,2017,329,0.754621281458282,2.4320129030612
321,2017,330,0.463858015453714,1.87166643128386
321,2017,331,1.11468071957961,2.2191669413232
321,2017,332,1.29060154074708,-3.10334657990725
321,2017,333,0.123561688119496,-1.48971126826194
321,2017,334,0.450454011779585,-1.25383160921055
321,2017,335,0.7284198632774,-2.90426107444801
321,2017,336,0.804702310640962,2.59067781233745
321,2017,337,0.384696051577413,-0.755771879336699
321,2017,338,0.724550435374021,2.72816534097102
321,2017,339,0.68354526775566,-2.94505305843507
321,2017,340,0.17020695695386,-1.94970779751075
321,2017,341,0.312833322677639,-1.49705481988764
321,2017,342,0.128393796263734,-2.40388805520985
321,2017,343,0.186889753639296,0.258335026014559
321,2017,344,0.234760446946994,-2.87583116802954
321,2017,345,0.283857194033664,-2.88887317871624
321,2017,346,0.0789817074471139,-1.41087135496745
321,2017,347,0.0605402923975614,2.77957995384731
321,2017,348,0.564018766649154,1.40199256248354
321,2017,349,0.204605672608997,1.21309695929536
321,2017,350,0.402215387551857,2.45524396807306
321,2017,351,0.268632294235363,-1.41537121293085
321,2017,352,0.630723444213328,2.92426632432393
321,2017,353,0.396832165915539,2.86278572555037
321,2017,354,0.10032981764901,0.46600015327523
321,2017,355,0.189327798681584,0.879708842011615
321,2017,356,0.158270204422433,-2.88244214600153
321,2017,357,0.129544908613453,-1.42681855645718
321,2017,358,0.167034491377499,1.48723267948402
321,2017,359,0.280473423503817,-2.86464949809714
321,2017,360,0.191372148062446,-2.52482254996872
321,2017,361,0.193374470066976,-2.75809365644696
321,2017,362,0.244173521517348,1.82761463816485
321,2017,363,0.0372209387769311,1.81590456504337
321,2017,364,0.0206338268240699,-0.233214992045835
321,2017,365,0.142948212736126,-0.232821812105001
323,2018,2,0.548012751895289,NA
323,2018,3,0.218523558670425,-2.94122000200904
323,2018,4,0.0120206435864066,2.73022686162251
323,2018,5,0.384843052200859,-2.95743560685275
323,2018,6,0.228014558203431,2.39831772639102
323,2018,7,0.316560037419741,1.31550319247367
323,2018,8,0.0830286935345434,-0.834507522160847
323,2018,9,0.555840339887048,-2.88110580550311
323,2018,10,0.346797077632556,2.1940992056203
323,2018,11,0.441819988143508,1.62441106983914
323,2018,12,0.414570983263365,2.81823665581562
323,2018,13,0.404283369374233,-2.86828199516608
323,2018,14,0.264492596044026,3.03050952578223
323,2018,15,0.433822187937025,-0.0770146413813562
323,2018,16,0.419894639541374,2.30274157159673
323,2018,17,0.778355943192149,1.15040748868062
323,2018,18,0.645421356886993,2.87451497025188
323,2018,19,0.124510136062215,2.99027549426611
323,2018,20,0.238255590551824,1.28926769524157
323,2018,21,0.215776362738179,2.18155911952276
323,2018,22,0.403164591356661,0.598812026611811
323,2018,23,0.0571205846322668,0.900849820108762
323,2018,24,0.636711504165218,2.10079473496105
323,2018,25,0.207952900503671,-2.53357033642249
323,2018,26,0.363836385695917,-0.705571538051919
323,2018,27,0.406678616015466,-1.97880688729968
323,2018,28,0.781170597018769,3.03716353866181
323,2018,29,0.873246972075666,2.47232008346465
323,2018,30,0.364170412334848,2.54041008947541
323,2018,31,0.535007711291678,-2.96637112925318
323,2018,32,0.228468542883098,-2.7633165182607
323,2018,33,0.0508203798520019,0.69108931991796
323,2018,34,0.729201179671221,-1.33264798750769
323,2018,35,0.486049219333982,2.96318040585767
323,2018,36,0.600016407783218,-2.12704319504493
323,2018,37,0.358119059357228,-1.41743809095652
323,2018,38,0.866100977319299,-2.08726842243898
323,2018,39,0.844976027182995,-2.96349335865389
323,2018,40,0.331977906377314,2.89875366076523
323,2018,41,0.731690584687135,0.614642240738916
323,2018,42,0.43368920075037,-2.73842555755674
323,2018,43,0.720673475466043,-0.930355853569571
323,2018,44,0.275945716927874,1.12685126900709
323,2018,45,1.07893325402554,2.45956149956754
323,2018,46,0.974400353974041,-3.13423485763892
323,2018,47,0.188083623913906,-0.515106323504425
323,2018,48,0.300641151248163,-2.62500925804395
323,2018,49,1.01948248648458,-0.301165736881481
323,2018,50,0.949155690173076,-3.11567414328164
323,2018,51,0.211527107322055,-1.42531691200109
323,2018,52,0.208023239899717,2.76177156857195
323,2018,53,0.452994686631586,2.18652980780967
323,2018,54,0.343614441132093,3.12523483196009
323,2018,55,0.448426248300642,-0.308914356919773
323,2018,56,0.0517032258675846,-1.29947086050271
323,2018,57,0.379489420036045,-2.04457607014034
323,2018,58,0.104501900866617,2.82381496605547
323,2018,59,0.260460335429497,-1.96049516943376
323,2018,60,0.61923361294195,2.43226875421998
323,2018,61,0.622158183236184,2.67802157546459
323,2018,62,0.159525529218608,3.05549666589902
323,2018,63,0.867949287290083,-2.46981809473606
323,2018,64,1.12871651854172,3.12956397491059
323,2018,65,0.158435719172984,2.13632166672205
323,2018,66,0.816011727795679,1.25936188312533
323,2018,67,0.810465687589419,3.12266110479214
323,2018,68,1.06563556514675,3.01388507581908
323,2018,69,1.0482276786821,-3.11609521521947
323,2018,70,0.0122568208962996,-1.27820053889491
323,2018,71,0.435999433644779,-0.915290848616238
323,2018,72,0.328705380243509,-2.21266226749589
323,2018,73,0.676845655637915,2.80202205467228
323,2018,74,0.581569658336777,2.84682233830714
323,2018,75,0.502569010564419,3.13484133321309
323,2018,76,0.697332948487016,2.72913465065299
323,2018,77,0.805513587975796,3.12502439008955
323,2018,78,0.244742921197465,-0.503869824787542
323,2018,79,0.182273414340202,2.70396601362245
323,2018,80,0.406451962046151,1.7803369170676
323,2018,81,0.338988296919085,3.04954363661703
323,2018,82,0.103487179619631,2.99841228050391
323,2018,83,0.139713090257165,-2.10072499760935
323,2018,84,0.32729768259797,-1.65157836449986
323,2018,85,0.0290452627566549,2.42949018108755
323,2018,86,0.652210764533545,0.170647397592825
323,2018,87,0.322337841687322,1.13872763832336
323,2018,88,0.566319797789502,2.13181188003044
323,2018,89,0.279292799135275,1.04224933400192
323,2018,90,0.109421005252256,-2.53473616987637
323,2018,91,0.322020592524228,1.43873418581954
323,2018,92,0.587499303907404,-1.90051673801184
323,2018,93,0.541097117642159,0.568187736454108
323,2018,94,0.606860652151925,-2.47710067832557
323,2018,95,0.61409134367446,3.13877073010318
323,2018,96,0.73479996078789,2.52613431654704
323,2018,97,0.276962178796661,-3.11358219437216
323,2018,98,0.47895782355455,-2.99866599860862
323,2018,99,0.410120666126315,-1.45333557754
323,2018,100,0.501767108726391,2.97192466997193
323,2018,101,0.403750217736652,2.2621037299135
323,2018,102,0.467543422637647,-2.62781307362412
323,2018,103,0.611083530907644,2.82510190244854
323,2018,104,0.520397892302791,2.63731272350815
323,2018,105,0.53112157636459,-2.738325112639
323,2018,106,0.0218920258160369,1.72390608604775
323,2018,107,0.0559569998424287,1.76279355834185
323,2018,108,0.116844660645084,-0.476298794942206
323,2018,109,0.126291831117573,-3.08981650376626
323,2018,110,0.324382373201304,-1.17964440037359
323,2018,111,0.447418207603953,-0.0641874579470203
323,2018,112,0.422814265790047,-3.11208266405092
323,2018,113,0.0557343857832209,-1.59028671982163
323,2018,114,0.455675800843303,-1.57817730372571
323,2018,115,0.407518361012531,-2.49112211020561
323,2018,116,0.372860942598724,-0.397419037830454
323,2018,117,0.385052052428592,-1.62360785311701
323,2018,118,0.284928296766536,-2.12369927943737
323,2018,119,0.183100025786786,2.70047370118763
323,2018,120,0.704477277707923,-2.62241991002025
323,2018,121,0.564583064133544,3.11267746234838
323,2018,122,0.513613994385457,2.29639679727811
323,2018,123,0.577730578523996,-2.95099152844058
323,2018,124,0.147017554697821,-2.92743920011294
323,2018,125,0.181994525533566,-2.92424019779448
323,2018,126,0.320661816134208,1.72514796762804
323,2018,127,0.27170686527115,-2.89702917594234
323,2018,128,0.34529864364911,-1.76971170992963
323,2018,129,0.240692464433632,-1.44074376644322
323,2018,130,0.27052878330689,2.47551036571965
323,2018,131,0.424483045329831,-1.03277236994602
323,2018,132,0.454779251085083,-2.98961389327361
323,2018,133,0.290510631648008,-2.79256530431279
323,2018,134,0.139625251649634,-2.967077744163
323,2018,135,0.184267321657536,0.700661010550524
323,2018,136,0.26731892598102,3.03523942621392
323,2018,137,0.09299460367526,2.94817726675213
323,2018,138,2.37572031212182,-3.11367026951015
323,2018,139,0.195197570154888,2.481141283265
323,2018,140,0.311333328823066,-2.43779713215182
323,2018,141,2.18709538795876,-2.98865065915473
323,2018,142,0.232269575415942,-1.25866738648634
323,2018,143,0.190536209064516,-2.88738972378466
323,2018,144,2.7904471124001,0.991119218402747
323,2018,145,0.356474812975139,0.173308331086677
323,2018,146,20.3547748773493,-0.116373087603743
323,2018,147,19.8876562552394,0.244414532907926
323,2018,148,15.1807648263936,0.070088073056402
323,2018,149,15.1421925644715,-0.303144833456228
323,2018,150,2.33704093672278,0.197950822957481
323,2018,151,3.00800386346046,-0.110383028130757
323,2018,152,4.07147276726775,-0.428460203751112
323,2018,153,5.33432894818185,0.724545818255375
323,2018,154,10.8353326756944,-0.458325822825916
323,2018,155,4.90190081187867,0.337031567910341
323,2018,156,1.9469318764144,-0.568033201156339
323,2018,157,0.787232385588191,0.350265220368837
323,2018,158,8.6934499545221,-0.144193363688547
323,2018,159,3.09288466468975,0.272932536050759
323,2018,160,0.79510695117835,0.929143125500196
323,2018,161,0.466932289598999,-2.66323812898769
323,2018,162,0.0708993715909793,-0.251779405773144
323,2018,163,0.170534132652073,2.80036098704808
323,2018,164,0.396285335403089,-2.70791993579651
323,2018,165,0.665679705637127,-0.585217737624376
323,2018,166,0.134519735940252,-0.907993241855818
323,2018,167,0.0752698544556848,-2.31277110124467
323,2018,168,0.0488243636730605,1.69114309142673
323,2018,169,0.425507621886461,-1.45642913406585
323,2018,170,0.163359818068318,0.0720089617449765
323,2018,171,0.144671543750277,-2.88361103130119
323,2018,172,0.567853767266605,-0.17254228083651
323,2018,173,1.34654192877896,1.70793082723732
323,2018,174,0.328234572585318,1.30710165827128
323,2018,175,0.926680816613458,-1.98169690405295
323,2018,176,0.388740719280464,3.02003758522649
323,2018,177,4.95869520251238,-2.43819284998474
323,2018,178,4.54422206934979,0.316467722451145
323,2018,179,6.30997654545847,0.329143884809388
323,2018,180,4.67081365662731,-0.040698438336884
323,2018,181,3.73791960883185,0.0726693289207061
323,2018,182,16.7841493822943,-0.65841200099119
323,2018,183,30.7967364626977,-0.279347175702291
323,2018,184,6.678616842049,0.00996842245028784
323,2018,185,8.08975749605908,-0.377367866588492
323,2018,186,0.429690484726587,2.61099022299783
323,2018,187,9.40921324299348,-2.11454182402572
323,2018,188,0.0922406510071423,1.79014943993744
323,2018,189,0.0959148689520949,2.60753687213781
323,2018,190,2.25333272583357,2.83015177948606
323,2018,191,2.24647381354672,-1.32244448440182
323,2018,192,0.219037201471198,0.800334428428275
323,2018,193,3.12824363799928,0.834319048961831
323,2018,194,1.41299059561404,-0.555030222179438
323,2018,195,4.18904021540476,-2.74791295328663
323,2018,196,0.759693958102809,-1.5287143616796
323,2018,197,0.308123447392779,-0.166155332385436
323,2018,198,0.501239382337794,-3.02017403736028
323,2018,199,0.516635708013864,0.0204806388067036
323,2018,200,0.136251538623649,2.75386747086742
323,2018,201,0.427676033198863,-2.95333736744747
323,2018,202,0.363495600021054,-1.89143291699663
323,2018,203,0.145744840272372,-0.844755206524857
323,2018,204,0.517974616260999,3.04523732402967
323,2018,205,0.832951765904842,1.77704585138188
323,2018,206,0.501936248529879,2.4228986492415
323,2018,207,0.301311991114904,1.00106348589952
323,2018,208,0.206046675698833,0.568573143810042
323,2018,209,0.581144414202309,-2.33723109140259
323,2018,210,0.0433837306432493,-2.03736803646005
323,2018,211,0.403811415313162,-0.548792462859244
323,2018,212,0.38526975869473,-2.10047482938581
323,2018,213,0.847431742931713,-2.61727640113592
323,2018,214,0.364996043471927,1.38786074510525
323,2018,215,0.850643348112319,-1.15544835060836
323,2018,216,0.919761228517489,-2.90602964253948
323,2018,217,0.521095464971782,1.48186064243639
323,2018,218,0.13801047923298,0.391817400833245
323,2018,219,0.530016262386879,3.12819759758576
323,2018,220,0.112663512412993,-1.59161249698919
323,2018,221,1.14805066078007,-0.267427941764224
323,2018,222,0.30316422990613,-1.12837482733514
323,2018,223,1.57230612003298,-2.76860822447426
323,2018,224,0.688551134958499,2.70943845295475
323,2018,225,1.0089932491089,-0.824675579679528
323,2018,226,1.22760573073091,-2.53451211616586
323,2018,227,0.402733210597389,-1.85432927708091
323,2018,228,0.832768498454403,-0.878194000561923
323,2018,229,1.21814307083079,-2.79369436557396
323,2018,230,3.79675690546531,2.93441047607359
323,2018,231,1.21276184009842,2.48187603898204
323,2018,232,1.95165404091298,0.660496680687224
323,2018,233,1.20423613646428,2.79076161772657
323,2018,234,0.868260158862327,1.21429647305812
323,2018,235,0.395971821047794,2.15351844769769
323,2018,236,0.43065407609754,1.26376208453267
323,2018,237,0.393196700059119,-2.30287396575323
323,2018,238,0.389551634382296,-2.22457385334493
323,2018,239,0.148027084413041,-0.499804779033359
323,2018,240,0.555183035051059,-1.55558668756234
323,2018,241,1.30198016155259,-0.280760760257905
323,2018,242,0.100743192593399,0.97914911429816
323,2018,243,3.56687323468183,-1.14773451560173
323,2018,244,3.2835392425184,-3.09240316578414
323,2018,245,0.170305284195005,-0.495479041825656
323,2018,246,1.42277673531737,0.744428514744461
323,2018,247,0.154584913568988,-0.589177516878757
323,2018,248,0.0548005831230589,-2.55307901373313
323,2018,249,0.135194323781902,1.27851628277861
323,2018,250,0.786846085807361,3.06959848521068
323,2018,251,1.40315013829538,2.05535119716921
323,2018,252,0.298368646641781,-2.1990546365598
323,2018,253,0.323649809058858,2.94990019199956
323,2018,254,0.6183753364111,0.586778304801935
323,2018,255,0.710054024148849,2.00702884045311
323,2018,256,0.682907099749408,-0.368622440073205
323,2018,257,0.250144770587221,-1.14114797362526
323,2018,258,2.42495529217899,-0.0179331895983488
323,2018,259,0.556951278275123,3.05953768648936
323,2018,260,0.0631077493705397,2.78528914019134
323,2018,261,3.32163353994254,-2.33362154968981
323,2018,262,0.385014197950234,-1.99714031070261
323,2018,263,0.258407687852056,-0.645200779693489
323,2018,264,0.0248664093870195,-2.2731483169774
323,2018,265,8.83794134830129,-2.63213928438888
323,2018,266,4.34479847912911,0.0848949041271445
323,2018,267,0.630100322506966,-1.12683303193127
323,2018,268,0.173016816790228,2.45138812682791
323,2018,269,0.27853579185735,2.94936984128266
323,2018,270,0.24815399521658,1.27229381422006
323,2018,271,0.0477037887115851,-0.611991331184356
323,2018,272,0.524772371506219,-1.62286918022766
323,2018,273,0.390494666231805,-0.834232473865189
323,2018,274,0.447120082658322,-1.28452915088058
323,2018,275,0.543455575621235,-0.260975209741457
323,2018,276,0.19126375528719,-0.749777745821279
323,2018,277,0.318437314165898,-2.64293652822982
323,2018,278,0.78143656403124,2.72251604921432
323,2018,279,0.638061221854311,-2.94644494117402
323,2018,280,0.286702190391321,-2.35281720105645
323,2018,281,0.362902451608354,-0.5749745527893
323,2018,282,1.01217940544769,2.15241565070824
323,2018,283,0.874822061153768,-1.21071873140444
323,2018,284,1.36429359419841,2.92333421450281
323,2018,285,1.35679606710171,-1.57668193032796
323,2018,286,1.88915190892981,3.07949142262347
323,2018,287,0.30181934166243,3.13826959198443
323,2018,288,1.39897036620045,-0.659793159155379
323,2018,289,0.455450350732734,0.946799327976115
323,2018,290,2.80428933402715,0.556594750145368
323,2018,291,0.466625121832948,1.54938537400101
323,2018,292,1.26765989470367,0.207875676249539
323,2018,293,0.387166731858811,0.752701215560152
323,2018,294,1.29836779475079,2.54891972811807
323,2018,295,0.269485342515077,0.730607854130803
323,2018,296,2.21398490344024,2.57885796283656
323,2018,297,0.514666664440685,2.70636697474019
323,2018,298,0.597811551294511,-0.199844231611565
323,2018,299,0.785111012667649,2.84194991042437
323,2018,300,0.672876803332389,1.95168502198682
323,2018,301,0.869093875414835,1.67216301425302
331,2018,2,0.781211282338537,NA
331,2018,3,0.287861559166298,1.07561760207792
331,2018,4,0.348614542991546,2.7315605570936
331,2018,5,0.100845994206022,1.33204649130008
331,2018,6,0.0723848060486936,3.04930291812864
331,2018,7,0.469340155220151,-1.05130504953018
331,2018,8,0.61968968150967,2.99851287267531
331,2018,9,0.168701253923465,2.61539012901305
331,2018,10,0.159814493478685,1.45709423559972
331,2018,11,0.236965841596638,-1.95992850255714
331,2018,12,0.279058537828208,1.85939604900581
331,2018,13,0.4116576756585,2.61167760405858
331,2018,14,0.0690097655961765,2.6992644121727
331,2018,15,0.446795314503772,2.51456306063615
331,2018,16,0.496670475375669,-3.08461527641788
331,2018,17,0.392918719699992,2.9162622365924
331,2018,18,0.378152284158903,2.44770262987959
331,2018,19,0.771924199063226,-2.0129229808449
331,2018,20,0.916185019397339,-2.80610229775139
331,2018,21,0.0819154778225593,1.96133481949077
331,2018,22,0.313468510512492,0.702223373024892
331,2018,23,1.55160698686395,0.320062397805053
331,2018,24,1.49411765391076,3.07945967159409
331,2018,25,0.0224704235499299,-2.63437385888591
331,2018,26,0.0741787861541679,0.673358664505044
331,2018,27,0.0807194437841914,2.67289859934545
331,2018,28,0.0672127438373582,-1.66447857548826
331,2018,29,0.387111047671857,0.869219518013967
331,2018,30,0.446251415089852,2.94062607609395
331,2018,31,0.243627388525639,0.717957977077488
331,2018,32,0.34502431235992,-3.00342052586619
331,2018,33,0.192290605571658,-0.188888007823929
331,2018,34,0.577748086502262,2.66208568452258
331,2018,35,0.8391291673475,-3.11892125013785
331,2018,36,0.704321291416858,-2.75902557660306
331,2018,37,0.159577113370044,-3.016988378548
331,2018,38,0.605642664662796,-0.440432733837069
331,2018,39,0.656339819938364,2.81064106015356
331,2018,40,0.255246719818735,2.30483030247976
331,2018,41,0.525188355359021,-2.09497879110506
331,2018,42,1.04526575811155,-3.05188131133338
331,2018,43,0.706240165657557,2.84552854520677
331,2018,44,0.345419102640944,1.50598544358947
331,2018,45,0.573821349072546,1.88899542839003
331,2018,46,0.992721783990021,-2.84772010695099
331,2018,47,0.768846593819303,-2.3705806199876
331,2018,48,0.122256770666054,-1.85066414771147
331,2018,49,0.247974942304969,-0.225267419702943
331,2018,50,0.222511743321385,1.40053833144486
331,2018,51,0.371671573964419,-0.0137872535142129
331,2018,52,0.290988521745346,2.95947455261608
331,2018,53,0.305712995065534,-0.291115498580522
331,2018,54,0.673554447451008,2.32723823829185
331,2018,55,0.535166171969869,2.30410968102672
331,2018,56,0.17874396254968,1.55503761579194
331,2018,57,0.0491025569890681,-0.61365750853706
331,2018,58,0.350941653191107,-2.92476122321986
331,2018,59,0.576653318748975,-2.66143051736492
331,2018,60,0.295360069187698,-2.85110848408635
331,2018,61,0.693080521924438,-3.05679812710512
331,2018,62,0.905546491675359,3.06813844358015
331,2018,63,0.0766879303747591,1.8301397267359
331,2018,64,0.112382418939003,-2.74090578896196
331,2018,65,0.487894727082652,-2.45382813522197
331,2018,66,0.15188239711458,0.260971130738956
331,2018,67,0.324499454540918,-3.08493031374945
331,2018,68,0.162037217799307,3.04996494599251
331,2018,69,0.406604344134036,2.96018230879949
331,2018,70,0.142114028656524,-1.19808904519877
331,2018,71,0.324956968048403,3.06785194172773
331,2018,72,1.70761052920398,-2.16174532582418
331,2018,73,1.62933028036385,-3.08070146709402
331,2018,74,0.146581150031638,0.842975126945721
331,2018,75,0.146487667667133,2.48336251535151
331,2018,76,0.0646986965102868,2.15208713730422
331,2018,77,0.113960941594147,1.09197999738361
331,2018,78,3.61892907195351,0.305594493610214
331,2018,79,3.89126266101367,-3.13580875821497
331,2018,80,0.206733327062207,-2.40227139891107
331,2018,81,0.511677032592945,-1.04423230892096
331,2018,82,0.671135364360345,2.86723134332369
331,2018,83,0.252058493399636,2.85803773326428
331,2018,84,0.351009438536343,0.583277849659278
331,2018,85,1.19562179262042,0.0439271343447927
331,2018,86,0.472196497396296,2.7114025619604
331,2018,87,1.41822346711436,0.591477259694855
331,2018,88,0.642056309480508,3.03660803274448
331,2018,89,3.12663931313427,0.136963810650234
331,2018,90,0.130206043562586,0.465610899009114
331,2018,91,0.156520216037532,2.40032266772507
331,2018,92,3.48495901941072,0.174202046203496
331,2018,93,4.58982988247304,3.1012190111757
331,2018,94,0.511526157610188,-3.11052341916872
331,2018,95,0.67406991217553,0.37158344460446
331,2018,96,0.0667764116271704,-0.733837484408479
331,2018,97,0.975333105333031,0.920638670454473
331,2018,98,1.00194758614466,3.14140415747067
331,2018,99,3.6560709503441,2.62721903383073
331,2018,100,2.01305348432496,-0.344363641569485
331,2018,101,3.29310543058443,0.123303647154971
331,2018,102,12.9047795125212,0.236372288788865
331,2018,103,19.8081275957098,0.344515047988868
331,2018,104,12.6419195007907,0.430159410108574
331,2018,105,14.4587507936189,-0.0392916228224012
331,2018,106,1.74798087202654,-0.28317688451674
331,2018,107,9.27617200945418,0.163570009333966
331,2018,108,15.6491093304837,-0.160055783081877
331,2018,109,8.75877543865336,0.242937912420389
331,2018,110,9.42534823315229,0.353137231361011
331,2018,111,1.04379724854233,-1.74030595700993
331,2018,112,2.12402324266877,-0.13425216681767
331,2018,113,35.9582488242082,1.01868292355914
331,2018,114,22.4342590872558,-0.279595448125141
331,2018,115,17.094848118497,-0.0755910744103252
331,2018,116,3.38468038767158,-0.156545936948383
331,2018,117,1.25777469993379,2.39872670446947
331,2018,118,0.47187158508048,-3.10502852735848
331,2018,119,0.643751169907013,2.84316969247016
331,2018,120,0.630811063856712,2.48532975453311
331,2018,121,0.417864455488761,1.64397716879259
331,2018,122,0.734398385824556,2.02063848238753
331,2018,123,1.5515223339389,2.96124695435411
331,2018,124,1.6676983764605,-2.20938122575947
331,2018,125,0.668189409351275,-0.468015259992226
331,2018,126,1.58360076879753,-1.95593835047318
331,2018,127,0.906818592087031,-1.87535287445966
331,2018,128,1.31167573955494,-1.69113016703236
331,2018,129,2.12903914746796,3.05387280048679
331,2018,130,1.78355417895563,-2.92500062038115
331,2018,131,0.568846936198105,2.79518785408563
331,2018,132,1.44283036785336,2.88062206140701
331,2018,133,1.31691684951946,-2.84089930547449
331,2018,134,2.73242169712652,1.69444818344581
331,2018,135,2.63524020709144,-2.8947404960091
331,2018,136,0.313780118424388,-2.48573875780208
331,2018,137,0.211062589054561,2.33862320847647
331,2018,138,0.4629740318768,-0.616081414920632
331,2018,139,0.26409787466534,-3.04553642198707
331,2018,140,0.0461341879525079,2.75013084447059
331,2018,141,0.466654606401978,-0.616057789612324
331,2018,142,0.785059830641748,3.02027014244632
331,2018,143,0.435336632870948,1.99869959695732
331,2018,144,0.126900100915905,-1.24201269416473
331,2018,145,0.885702273152069,3.0154567247149
331,2018,146,0.673648526269148,2.26961933808176
331,2018,147,0.161898081883109,2.83902650629372
331,2018,148,0.751950223396019,0.63023476685911
331,2018,149,0.150585096734718,-2.21818722606798
331,2018,150,1.35822549937325,-0.555455793791229
331,2018,151,0.74292080605947,0.175754732848249
331,2018,152,0.369572722102569,2.6450749811329
331,2018,153,1.0910393943557,0.522518037027343
331,2018,154,0.895866584109927,2.21378294680764
331,2018,155,0.516323572451271,2.74946992637119
331,2018,156,0.842046694345256,-0.158316599557283
331,2018,157,1.28569736451239,-2.73327516228282
331,2018,158,0.892791358589407,-2.74922906098399
331,2018,159,0.946204067579121,-1.27908941269906
331,2018,160,1.64939542845438,2.27101796601008
331,2018,161,1.7343939309556,2.40093987427073
331,2018,162,0.67424598784541,2.50057548587392
331,2018,163,0.23593968553079,-1.42480682807174
331,2018,164,0.473416274896073,0.642440126417707
331,2018,165,0.552529076618953,2.09524448434753
331,2018,166,1.20267190018536,1.47151312736325
331,2018,167,0.408974255400922,-2.66174381862725
331,2018,168,0.280871925793078,-1.52386338331413
331,2018,169,0.26046470340019,0.229938690863288
331,2018,170,0.689168616674042,0.236409471440823
331,2018,171,1.13495376524884,2.79412625450194
331,2018,172,0.716089941248113,-0.982890362618497
331,2018,173,0.0442355975646456,2.81921342634773
331,2018,174,0.825914593835851,0.268489433287943
331,2018,175,1.44848007497375,-0.31648052694561
331,2018,176,0.612846147499721,-2.7419399588761
331,2018,177,1.17147390101093,-0.126871753917713
331,2018,178,0.795512720789152,-1.88246137813697
331,2018,179,0.652804166677181,0.0990134312739412
331,2018,180,0.845125289059389,-2.70421062576282
331,2018,181,0.288130935918487,0.00139641246133104
331,2018,182,0.404311211277798,0.527866439375901
331,2018,183,0.446513728109421,0.68603784449746
331,2018,184,0.454033802433112,2.9747985971647
331,2018,185,0.346841425240115,-2.7703585896656
331,2018,186,0.0617599450790938,1.84790357733603
331,2018,187,0.888996814169776,0.347470596802693
331,2018,188,0.400649455953689,2.01747126713032
331,2018,189,0.0778769884058744,1.61573218388182
331,2018,190,0.669885154052775,2.04473927503759
331,2018,191,1.65265508089412,-2.61232100928805
331,2018,192,0.958488601501475,2.5895795448951
331,2018,193,0.782613580766729,1.33389913568675
331,2018,194,0.801659150668784,1.89896884995813
331,2018,195,0.218583817209949,1.86166841424172
331,2018,196,0.312492018594555,2.38545926219463
331,2018,197,0.389178446376681,-2.38478863056331
331,2018,198,0.30145241556918,0.930924748233301
331,2018,199,0.663007018891298,-2.69864637993038
331,2018,200,0.580536117858675,-2.07442319035619
331,2018,201,1.06756595754871,2.09726733904185
331,2018,202,0.709987059463232,0.713701927146961
331,2018,203,0.704126463986568,1.21453341029026
331,2018,204,1.00435364823838,0.989258736126012
331,2018,205,1.14728717684165,1.08981156233994
331,2018,206,0.262447085239527,1.68176736918558
331,2018,207,0.293065388993606,1.59913560221815
331,2018,208,0.495272013067792,-2.70673228144263
331,2018,209,0.0755203835652624,1.60527417957135
331,2018,210,0.195276414063864,-1.78010071157266
331,2018,211,0.456826092852243,2.61802754165429
331,2018,212,0.372128564450366,0.819605608578803
331,2018,213,0.793647333369996,1.71734019469789
331,2018,214,0.687861544828702,2.40124646258102
331,2018,215,0.441449319033862,2.55193906152627
331,2018,216,0.190882495758558,1.52423178861181
331,2018,217,0.548632759858371,0.774116428985713
331,2018,218,0.306775844162127,3.00693634349219
331,2018,219,0.149015704674993,-0.058003648858219
331,2018,220,0.305253895593911,-0.960750525602417
331,2018,221,0.448855389576388,-1.66337620681879
331,2018,222,0.893962674798677,3.00815640957049
331,2018,223,0.496234475009856,0.403305391426818
331,2018,224,1.11655273657249,2.81445426983485
331,2018,225,0.981098851540105,3.11136180552382
331,2018,226,0.133909174297021,-1.57403586749699
331,2018,227,0.188017782635131,1.03528398629569
331,2018,228,0.580043941081012,-2.68885885532068
331,2018,229,0.104421560016074,-3.10892117897357
331,2018,230,0.20288271573751,-0.637386431200678
331,2018,231,0.924578183034388,-1.63308010022603
331,2018,232,0.701210965719336,-2.10163388556322
331,2018,233,0.324331108596957,0.625156385017418
331,2018,234,0.521987240785839,-1.77095509972949
331,2018,235,0.0918574018233238,-1.48781427522785
331,2018,236,0.0654089848983575,-2.79482072267123
331,2018,237,0.0512712644218377,-1.04915696773247
331,2018,238,0.170376003641154,-0.714871093594576
331,2018,239,0.586370615369363,-2.05309554649972
331,2018,240,1.63186709988016,1.6600173878961
331,2018,241,0.891026996605331,-0.263516023356529
331,2018,242,2.10650647483001,0.106259321175441
331,2018,243,0.737343059672703,0.0021463449566399
331,2018,244,2.88229629889065,-0.476114506098227
331,2018,245,2.14329667963859,-2.90301791798911
331,2018,246,2.25571996642109,-3.04189399126276
331,2018,247,2.87028431367115,-0.241092915229082
331,2018,248,1.54234810064618,-0.216094729065277
331,2018,249,0.0478719248968293,-1.60179293380507
331,2018,250,0.618927597350748,-0.976712865187778
331,2018,251,0.411501974437477,-1.14790655015729
331,2018,252,2.94508784403956,0.64206145222375
331,2018,253,1.36077778253713,0.504608555482527
331,2018,254,3.40836193502426,2.90747599583597
331,2018,255,1.79257270383518,-0.542126736365557
331,2018,256,1.73667296277826,3.00280376323446
331,2018,257,1.32766710676603,0.76791209798189
331,2018,258,2.65009415867973,-0.0921393058357989
331,2018,259,0.488665506677309,-3.02541891442969
331,2018,260,0.765229000880328,0.818222548791235
331,2018,261,1.05893333418759,2.86790705808205
331,2018,262,0.334444146804435,2.49386007395351
331,2018,263,0.189491839786517,-3.06016269368299
331,2018,264,1.274108365957,-0.943008643127278
331,2018,265,1.75433334868802,1.01933450082109
331,2018,266,0.924771165719247,0.970633160941782
331,2018,267,7.27381145705049,-1.22525724992248
331,2018,268,9.98694884164186,0.0982800797115493
331,2018,269,0.510214973706043,-3.09894839394995
331,2018,270,1.22682321784897,-2.00818159211329
331,2018,271,0.624584224286307,-2.94919981042782
331,2018,272,1.40532898189578,2.54286456721338
331,2018,273,0.66045325533824,2.83384970905675
331,2018,274,0.369771848476915,-0.273015411985583
331,2018,275,0.330035583043011,2.96990020779607
331,2018,276,0.680968423942917,0.169325727292312
331,2018,277,0.726823826859799,3.04154750858041
331,2018,278,0.700132126441868,-2.80210304286255
331,2018,279,0.523356695838356,-2.96131807937007
331,2018,280,0.653187771762301,3.11359826713419
331,2018,281,0.79631889454448,1.67470051067067
331,2018,282,1.91966452396325,-0.493572279451222
331,2018,283,1.95846624729378,-2.90643779554529
331,2018,284,0.707673334699218,-0.546820325903306
331,2018,285,1.14211622827421,-1.29928618927637
331,2018,286,1.45194818574081,3.03558837096196
331,2018,287,0.618708879220448,2.94539540712649
331,2018,288,0.597538028425602,-1.34221562846751
331,2018,289,0.338289753569361,2.82929461689668
331,2018,290,2.85831637204058,-0.634954793742053
331,2018,291,1.74333065624338,2.37077397715179
331,2018,292,0.993281303321316,-2.17270405335795
331,2018,293,0.351645268004426,2.21544105668175
331,2018,294,1.95926027649263,1.6960944196757
331,2018,295,10.758779565063,-2.21038125531001
331,2018,296,23.8142644841767,0.326100791373473
331,2018,297,17.5155275054691,0.147565300301439
331,2018,298,14.9986484012639,0.35723925477702
331,2018,299,2.16056767887796,0.193275848911882
331,2018,300,2.01150329861351,0.576651022140979
331,2018,301,8.17274918205522,-0.45739249033367
331,2018,302,5.46243562985791,-0.0865420156591412
331,2018,303,4.32406842529223,-0.218988094757643
331,2018,304,7.06548841921194,0.0610816436386821
331,2018,305,2.94371301578187,0.428847729951553
331,2018,306,0.381755701124967,-2.24190663920725
331,2018,307,0.258006327039749,0.639117938104802
331,2018,308,7.94781889669799,1.1100568382832
331,2018,309,13.8001135467169,0.127807654437391
331,2018,310,6.51133062874239,0.61058743534167
331,2018,311,5.2874019329634,-0.805284216422763
331,2018,312,7.42594630680958,0.600579947818389
331,2018,313,0.311640502455259,-2.87471507681389
331,2018,314,4.1978962789884,2.51760583835646
331,2018,315,0.927735135074311,-1.42113474565107
331,2018,316,2.53274083407453,1.92047423239247
331,2018,317,2.39514089637394,-2.68455052635896
331,2018,318,6.99791402636645,1.94931059088063
331,2018,319,1.51698956919908,1.11982649109592
331,2018,320,10.3477296499218,-1.09619680618519
331,2018,321,3.16044155382275,0.110458670402217
331,2018,322,0.89604773136707,-1.2961528803835
331,2018,323,0.563207007203213,0.713858689318105
331,2018,324,3.74957537614876,0.00569084345934989
331,2018,325,7.70128300595365,-0.200144118928419
331,2018,326,0.278668829562167,0.747135926715099
331,2018,327,0.431690911419167,-0.29112164462579
331,2018,328,1.3886078863113,-0.36504134037355
331,2018,329,1.76702053933982,-3.13793935444131
331,2018,330,0.477231707007529,3.13572124475914
331,2018,331,2.23796326069812,0.0276468474390126
331,2018,332,0.525548987505124,-0.023926213928692
331,2018,333,1.63487177565746,3.07171145874524
331,2018,334,1.15155255075245,0.14313850158356
331,2018,335,0.394849617329269,1.41996256462547
331,2018,336,0.444883230974845,-1.72590569445131
331,2018,337,1.68550176065869,-2.67488321980185
331,2018,338,1.43916221025026,-0.393002501012692
331,2018,339,0.0785182705146647,0.802655166984084
331,2018,340,2.29326332806512,2.41969705988956
331,2018,341,0.834537054938971,0.521944676526235
331,2018,342,0.689289385363778,-3.10434318219982
331,2018,343,0.378322805063156,-2.93788003217398
331,2018,344,1.04020613875473,2.47875181744149
331,2018,345,1.67536479660456,0.0397123902413055
331,2018,346,1.50505511603136,3.14134357106154
331,2018,347,1.20550080532969,0.00482127395633558
331,2018,348,1.32248951186331,3.04386229009469
331,2018,349,1.76505947692461,3.05934255427582
331,2018,350,1.8419279985883,-3.07752439689537
331,2018,351,1.20044225761524,-2.86325199683299
331,2018,352,1.06786591866013,-2.88685931735951
331,2018,353,0.348793565446714,-2.11912701927703
331,2018,354,0.613951931238124,-1.86342315408929
331,2018,355,1.05565437887515,-2.89617552327031
331,2018,356,0.0354787384019793,-0.366862321609631
331,2018,357,0.0823956022315862,-1.65986207716734
331,2018,358,0.044751109806305,-1.52452957624273
331,2018,359,0.711332382829323,1.77132671163584
331,2018,360,0.690984051769372,-2.95765586145097
331,2018,361,0.469937317926943,1.7296055131081
331,2018,362,0.455849007899214,3.10173393287712
331,2018,363,0.225812809459149,-0.74982419293964
331,2018,364,1.43852785737482,-2.51216093743147
331,2018,365,0.175232674938774,0.50187598838398
333,2017,2,0.642647098587293,NA
333,2017,3,0.270949066066379,1.53291572733962
333,2017,4,0.0943168280045737,-3.08249857821827
333,2017,5,0.413019977656305,2.94604280260689
333,2017,6,0.607732060366347,-3.12147971784019
333,2017,7,0.266972857558121,-2.42354195188451
333,2017,8,0.893093793879035,-2.24505342832869
333,2017,9,0.563977319510703,-2.81286983354041
333,2017,10,0.361876402923226,-0.768474505402994
333,2017,11,0.247086845179371,1.44072244539588
333,2017,12,0.297881878741763,-1.98374476248904
333,2017,13,0.63526485512977,-2.18434249994774
333,2017,14,0.373295901846734,-2.51106369287359
333,2017,15,0.297220572136106,2.66488522367428
333,2017,16,0.260333304642287,1.5293923748159
333,2017,17,0.252781897198358,-3.04211088416725
333,2017,18,0.212285492704025,-1.60018902543656
333,2017,19,0.409426570621514,-0.0484417275518911
333,2017,20,1.68117969270918,-1.23560443381636
333,2017,21,1.41803407637872,-2.86129016933086
333,2017,22,0.294873086139433,-1.12826666181645
333,2017,23,0.33675302050912,0.718271263420837
333,2017,24,0.478551363672938,-0.658386375775309
333,2017,25,0.4709849587817,-2.99569774980718
333,2017,26,0.330472473549586,-0.350203804546012
333,2017,27,0.380894953517061,-2.44062356666334
333,2017,28,0.31850366995919,-2.99920111578059
333,2017,29,0.450289861285639,-0.383079129156847
333,2017,30,1.17406121684214,-2.94601313102995
333,2017,31,1.18433702574518,-2.54319283421726
333,2017,32,0.584962107945204,-2.02169926547385
333,2017,33,0.471105387204102,-1.65678104749093
333,2017,34,0.990546034478923,-2.39174499578698
333,2017,35,1.00173386356817,-2.5807767111964
333,2017,36,0.670765676149153,-2.68602378268673
333,2017,37,0.574985424449403,1.55953203121623
333,2017,38,0.30089082828632,3.03953517692843
333,2017,39,0.555458317926587,-2.50641117630724
333,2017,40,0.347836353585455,-3.11129229476061
333,2017,41,0.25752344515248,-0.929949202841146
333,2017,42,0.31677692566343,-2.88221285411072
333,2017,43,0.503458467969227,-2.43473379658411
333,2017,44,1.20400035356219,-3.03293754360332
333,2017,45,0.238108352945285,-1.56291422445092
333,2017,46,0.475843867915415,-1.79951561749404
333,2017,47,0.114017622998532,-0.40427329532635
333,2017,48,0.360057081609093,-1.32911267284212
333,2017,49,0.667603761655536,-2.61231783094595
333,2017,50,0.555744885922776,-2.87261403388247
333,2017,51,0.337220763917694,-2.9764398181696
333,2017,52,0.28205058970169,-1.91955842125476
333,2017,53,0.0784710869023578,-0.918733406972642
333,2017,54,0.517546418403791,-1.2908235213543
333,2017,55,0.657359762576981,-2.55429856619621
333,2017,56,0.227106550227115,-2.99574433114171
333,2017,57,0.300463563323037,0.655580787561146
333,2017,58,0.113068157847418,-1.12485205231413
333,2017,59,0.443861250970987,-2.36135198586259
333,2017,60,0.360554294873431,-2.62642089472131
333,2017,61,0.33478097258827,2.64541210286623
333,2017,62,0.478046560452646,1.5978926162385
333,2017,63,0.335174642113874,-0.0465581677363467
333,2017,64,0.131370252205883,-1.70402528568767
333,2017,65,0.957406368123244,-2.05880000885694
333,2017,66,0.392878506829983,2.90078004173338
333,2017,67,0.358776544500407,-0.709041696137716
333,2017,68,0.383126551948287,3.03085943281082
333,2017,69,0.280350091664657,-0.559147000728482
333,2017,70,0.454636231483034,-1.88503982930767
333,2017,71,1.23069660207099,2.01037270523476
333,2017,72,1.246337171085,2.781930533916
333,2017,73,0.359685771168063,-1.39581736702416
333,2017,74,0.0192514093914556,-1.90454820109431
333,2017,75,0.290524819031863,3.04943163783648
333,2017,76,0.363486021552383,2.02176434768439
333,2017,77,0.175002479112056,1.36123000245124
333,2017,78,0.247913780174954,-2.18856968734
333,2017,79,0.430955725304912,-2.27597076254518
333,2017,80,0.562572571590437,-0.74068456489869
333,2017,81,0.394234579973839,-2.87028198521523
333,2017,82,0.367894684459447,0.080529719312576
333,2017,83,0.234246302711761,-2.67686093211698
333,2017,84,0.153163369869493,-0.752914234079276
333,2017,85,0.308338820182572,0.520089945727404
333,2017,86,0.174612349001265,1.42820628656629
333,2017,87,0.66109080744259,1.80694700930679
333,2017,88,0.0983206639198517,1.04681662124501
333,2017,89,0.247661064249071,1.97882035671446
333,2017,90,0.090500334116331,0.975866825320441
333,2017,91,0.22530693974026,0.502755775111174
333,2017,92,0.61018424664541,2.49724546677776
333,2017,93,0.369382736971501,-3.0375723370865
333,2017,94,0.550531931316863,-0.633158031952885
333,2017,95,0.461353135080308,-2.0927335367273
333,2017,96,1.60740771897402,-2.32341510957188
333,2017,97,0.397629033080455,-0.471745167967944
333,2017,98,0.463652041000041,3.09045556541209
333,2017,99,0.618362878683879,0.963133523180096
333,2017,100,0.976100993017386,-0.522660101493731
333,2017,101,1.69092671716969,-3.03322576946563
333,2017,102,0.232587087899483,-0.251569455347016
333,2017,103,0.0524023233013573,2.01833572702911
333,2017,104,0.252658382885781,-1.97860724958019
333,2017,105,0.179471862399034,-2.56518046362743
333,2017,106,0.315326993355864,-0.870452135870287
333,2017,107,0.336600697990072,-2.59473788639499
333,2017,108,0.0343464598344225,3.04440994753148
333,2017,109,0.151039662716186,2.84663380588436
333,2017,110,0.0586900968405816,-1.99514732806291
333,2017,111,0.398568927638359,-1.16906568204438
333,2017,112,0.213619677581792,2.54207960377658
333,2017,113,1.20315708455116,0.907923615172004
333,2017,114,4.40450217999873,-0.235168022333994
333,2017,115,7.93562897449774,-0.0649745123579173
333,2017,116,11.0292758840883,1.0891990024161
333,2017,117,10.8454820045793,-0.879882903315115
333,2017,118,3.15904590307697,0.762185245425156
333,2017,119,4.79340398512285,-0.155901409622778
333,2017,120,6.66632610851027,-0.557810221769758
333,2017,121,5.53106263465301,-0.565714319200981
333,2017,122,11.2539043242497,0.424351159557207
333,2017,123,9.27345450304283,0.22642456130972
333,2017,124,15.1353750404292,0.12784746255105
333,2017,125,12.3042696972246,-0.140549546755603
333,2017,126,13.7239104629422,0.0246034544198732
333,2017,127,3.83456270732088,0.724287397542139
333,2017,128,0.279514139901434,-0.577878503870513
333,2017,129,0.190853801023882,2.01005783175079
333,2017,130,0.126021415939764,2.44908713406889
333,2017,131,0.517413595665808,0.287313282185117
333,2017,132,0.672509094425427,2.73613639524508
333,2017,133,0.375843492686122,-2.8045458388155
333,2017,134,0.148946911152798,2.52424723618692
333,2017,135,0.25149193633848,1.33810877280097
333,2017,136,0.407358858255522,-1.92751692738496
333,2017,137,0.423120294918971,-2.18466041362919
333,2017,138,0.782179999339605,-1.34614568489825
333,2017,139,1.0257164189053,-2.40720666039334
333,2017,140,0.409787804170771,3.08561223373365
333,2017,141,0.0429768344735376,0.193969165076145
333,2017,142,0.391632278482987,0.915001033936196
333,2017,143,2.22495386087031,2.94015335414317
333,2017,144,2.06186572315069,2.80903657864026
333,2017,145,1.19656413225128,2.3227270721576
333,2017,146,0.94796790002805,2.94689392218442
333,2017,147,0.835954500828472,-2.8356514687253
333,2017,148,0.64436982556656,-2.67551070309237
333,2017,149,0.33542848883542,-2.19473350972849
333,2017,150,0.755027410297948,-0.222385533240908
333,2017,151,0.307222245235424,2.12780199175095
333,2017,152,1.46784045117648,1.09806302301114
333,2017,153,0.0815516167351673,-1.35599112824568
333,2017,154,0.355072788469604,1.47107349136982
333,2017,155,0.672631484305938,2.56384454800321
333,2017,156,0.817359631206354,-0.328462185381374
333,2017,157,0.850131160575127,2.53225936402466
333,2017,158,0.364229037657173,2.79807050158034
333,2017,159,0.931595997375608,2.20622024407415
333,2017,160,1.39367701661331,-2.91467179568857
333,2017,161,0.937352589637021,1.9024348615746
333,2017,163,0.322977143689639,NA
333,2017,164,0.49085830088592,0.820700294299916
333,2017,165,0.695794216581215,-2.46499306468392
333,2017,166,0.749956587493859,-2.92860447681757
333,2017,167,0.887569348144583,2.86297503287002
333,2017,168,2.64153536117886,2.59206152596602
333,2017,169,1.6864080512295,2.56311623211055
333,2017,172,1.41790309049748,NA
333,2017,173,1.86764067089885,3.08519980744389
333,2017,176,1.2745994997887,NA
333,2017,177,1.18099605063377,2.92172762828159
333,2017,178,0.508482232836842,1.2891586319799
333,2017,179,1.14836732298998,-1.45618808712215
333,2017,182,1.06937861626128,NA
333,2017,185,1.0114415300627,NA
333,2017,186,0.750720157809037,3.00469559849021
333,2017,187,0.822029961757212,1.52327820778717
333,2017,188,1.19664840598893,0.913378893683979
333,2017,189,0.822557876133084,1.43059665349859
333,2017,190,0.335138405940381,-2.01994358110599
333,2017,191,1.79261426911268,-2.51375631601298
333,2017,192,1.12680770565225,2.928359496871
333,2017,193,0.297395836422318,-0.58485015792979
333,2017,194,0.755739166350095,1.65525084439514
333,2017,195,0.905822855083788,1.83537832033405
333,2017,196,1.27960775765828,1.06363864799987
333,2017,197,0.463693652842813,1.26894392773474
333,2017,198,0.725419156887238,2.80572592888404
333,2017,199,1.26237585318256,-0.646926087028554
333,2017,200,2.62536390121919,-0.306999378667448
333,2017,201,1.33951075187742,2.12197286018838
333,2017,202,1.19033438964885,-2.32378134616986
333,2017,203,0.399696211897695,-2.55444052368522
333,2017,204,0.298339525339029,-2.44986250183998
333,2017,205,2.28648829912327,-1.75690841430327
333,2017,206,0.444698669658089,2.24863787443283
333,2017,207,3.95395131006328,-1.55396684406813
333,2017,208,2.15486118098202,0.687470440313234
333,2017,209,1.47722825802931,0.133971365788504
333,2017,210,0.935347956336473,-0.580824374323801
333,2017,211,0.391395858956333,2.79318279882945
333,2017,212,0.136596759310438,-2.63969314660758
333,2017,216,0.119832401124336,NA
333,2017,217,0.91753762394343,1.65041658608026
333,2017,218,1.3111065734061,0.503438454795754
333,2017,219,0.956898615488558,-0.0386202027458946
333,2017,220,1.91814527959148,3.13566575855532
333,2017,221,0.684681203546957,-2.23757686176269
333,2017,224,0.648077087512987,NA
333,2017,225,1.13442852796539,2.53576276568113
333,2017,226,0.840953909085718,2.43777029745277
333,2017,227,1.04655009711737,0.88370043123995
333,2017,228,0.618410127361198,2.30393870820136
333,2017,229,2.09390608695888,1.21257821299144
333,2017,230,0.466027476439829,-1.12979087999631
333,2017,231,0.976397825381437,-2.14462663072439
333,2017,232,0.732515174346748,-0.34256111625522
333,2017,233,0.198048917827823,0.151614431648568
333,2017,234,1.10078894142918,-2.66535343555748
333,2017,237,1.6125064170183,NA
333,2017,238,1.9418011532315,0.396016216914012
333,2017,239,1.07194158062367,1.78319559576149
333,2017,240,0.955156845408289,1.31317566449542
333,2017,241,0.882074261500721,-2.96156911402331
333,2017,242,1.83311376780513,1.69809454141608
333,2017,243,0.606074200938055,-2.16282876801109
333,2017,244,1.07417404216797,-0.622281638288047
333,2017,245,0.93888768081089,-2.44554095558102
333,2017,246,0.331039305626396,2.06431811919209
333,2017,247,0.535586108714788,1.0182574087553
333,2017,250,0.903186931447355,NA
333,2017,253,0.728994371719753,NA
333,2017,254,0.496979595460723,-0.524040435667198
333,2017,255,0.412916332333689,2.70606064322277
333,2017,256,4.2067695556558,-0.0767780713239352
333,2017,259,3.56967687762587,NA
333,2017,260,3.417374290826,0.102563640022153
333,2017,261,2.11472942686398,2.88842287528604
333,2017,262,10.2984434805748,2.9638123479673
333,2017,263,18.6956082974827,0.281489125938565
333,2017,264,4.55029961301765,-0.427617561820117
333,2017,265,0.860029279449675,0.824485015299732
333,2017,266,1.78883758620785,-0.0361808628673836
333,2017,267,4.57490150659741,-0.438915933428918
333,2017,268,0.26715842206313,1.31458306869989
333,2017,269,1.06753332025078,-0.715286887322321
333,2017,270,4.66113805828714,-0.553164915570726
333,2017,271,1.05320957124111,-3.00867628105043
333,2017,272,0.324335549077482,2.88230488302232
333,2017,273,3.31323020086727,0.00203888698142274
333,2017,274,4.78292312399085,-0.491439160989589
333,2017,275,0.932992739273904,-1.28652044453354
333,2017,276,0.842498408791358,3.1173969673938
333,2017,277,1.0761935701962,2.92333955520299
333,2017,278,0.263401198358702,2.27692044810921
333,2017,279,1.18049318280958,0.832954819729838
333,2017,280,0.256680090253662,1.03047254090925
333,2017,281,0.230897348640031,2.30080338446118
333,2017,282,0.556742542350088,-3.13433275834108
333,2017,283,0.791133748283956,-2.74596986973139
333,2017,284,0.369739988494998,-2.3441423885096
333,2017,285,0.265212419672519,-1.71788870565108
333,2017,286,0.278914074602109,3.05695319245702
333,2017,287,0.469051999072079,0.781400854529406
333,2017,288,0.198396368760026,-3.02574462616469
333,2017,289,1.22647505728458,2.74681478251647
333,2017,290,0.845146728636879,3.05413230129214
333,2017,291,0.405130045119756,0.0498536415058943
333,2017,292,0.322931410741829,2.41452683142392
333,2017,293,0.495755508731705,-2.49749740768774
333,2017,294,0.316257022283891,-0.777265876588186
333,2017,295,0.265080271564231,-3.03634844585531
333,2017,296,9.59618992029836,2.93663558879503
333,2017,297,3.97742547760594,-1.19913382284163
333,2017,298,2.22496249541878,0.274138485269993
333,2017,299,0.29912173441394,2.50141402261948
333,2017,300,0.343134546252886,-3.09900171372648
333,2017,301,0.278483019080601,0.0152710835952974
333,2017,302,2.48570243883053,-0.366871859350409
333,2017,303,0.0947033843161595,-2.51420032271244
333,2017,304,2.57241511039671,-0.627936831226238
333,2017,305,0.164004538198841,0.433130883834016
333,2017,306,2.1464094695228,2.78504747026472
333,2017,307,0.594358705309899,-0.10290750865606
333,2017,308,0.770315738831338,-0.243763143472234
333,2017,309,0.4665399040318,2.50189215057843
333,2017,310,0.479412532792436,1.2415814640818
333,2017,311,0.253255695175959,2.78574521152291
333,2017,312,0.472212924050734,0.0176232934391437
333,2017,313,0.15068195013898,-0.437868046988008
333,2017,314,1.00347698671308,-2.7983631867636
333,2017,315,0.685547835747168,2.85665705051968
333,2017,316,0.401965683405112,0.293854302069047
333,2017,317,0.845774329218421,2.88832558481886
333,2017,318,0.293041903168785,0.455821552496653
333,2017,319,7.00188978043906,-1.23485137638564
333,2017,320,0.209046817696255,-1.09328310371304
333,2017,323,0.240619702631607,NA
333,2017,324,0.231819617129017,0.31661646467376
333,2017,325,14.5382186602938,-0.238056473886284
333,2017,326,4.05135081959471,-0.342526073991284
333,2017,327,0.202227977327918,-2.28634204548452
333,2017,328,4.56747338686198,2.09887983614289
333,2017,329,3.4705384727171,-0.615094989868454
333,2017,330,1.02574598163143,-0.158590530153615
333,2017,333,0.124173513955803,NA
333,2017,334,1.268485788372,-2.45113089354611
333,2017,335,0.188336689570426,2.51659199426806
333,2017,336,0.179235319965888,1.25872280458422
333,2017,339,0.383322187564207,NA
333,2017,340,0.526336735062061,-3.10082801388135
333,2017,341,0.142016183457796,2.61454205479017
333,2017,342,0.506659578258801,1.99759558772599
333,2017,343,0.30185827599979,-1.22460428391617
333,2017,344,0.755056895262654,-2.32560352281368
333,2017,345,0.0482566656448601,2.273789865085
333,2017,350,0.114257766594774,NA
333,2017,351,0.152272092150828,1.95297096830174
333,2017,358,0.133534464858626,NA
345,2018,2,0.192738339429551,NA
345,2018,3,0.889794644355529,-1.37813668959231
345,2018,4,0.591594348422365,-2.21202720856837
345,2018,5,0.841904020934368,-1.18722029110163
345,2018,6,0.908473485542009,-0.266013733957952
345,2018,7,0.959944886418777,-2.93541453157723
345,2018,8,0.00158868528082766,0.355297745996611
345,2018,9,0.0884191526901127,-2.19873345538702
345,2018,10,0.215480396381345,2.65868008145107
345,2018,11,0.214706583681528,0.349674883795294
345,2018,12,0.213961785384696,3.07774971604331
345,2018,13,0.94239959902752,2.75450676296142
345,2018,14,0.949575146380944,-2.99879151941637
345,2018,15,0.510872442944012,2.81260794506486
345,2018,16,0.944103869432939,2.48561760204324
345,2018,17,0.936532464905004,3.13148301057232
345,2018,18,0.779375013391465,2.79934592752102
345,2018,19,0.773241945913528,3.13175984866403
345,2018,20,0.0571170955382733,-1.22972296799415
345,2018,21,0.53669394709616,2.78030384629534
345,2018,22,0.669493540284494,3.00676273237983
345,2018,23,0.580743754530095,-0.0680261926601329
345,2018,24,0.772163620516971,-2.83738159087701
345,2018,25,0.272401893763599,-3.02413829371369
345,2018,26,0.427319629320361,-0.78972837661188
345,2018,27,0.738038181829822,-0.665614800228907
345,2018,28,1.14289188546052,-2.85577661756398
345,2018,29,0.315483721943612,-0.807455602167415
345,2018,30,0.470083962242874,-3.00930783470309
345,2018,31,0.219973080789052,-2.59856447368505
345,2018,32,0.455136289727502,-2.39540384992688
345,2018,33,0.348994279530737,-2.92202580435304
345,2018,34,0.128306111036237,-1.26961371745833
345,2018,35,0.0752405792048937,0.121511885826085
345,2018,36,0.133779318721304,2.57819520007998
345,2018,37,0.228013106598979,-2.11631772739394
345,2018,38,0.0809415721827516,2.05119136099664
345,2018,39,0.132457320673881,-2.81526409410206
345,2018,40,0.0229213370003606,-0.133695312210092
345,2018,41,0.432222230022268,-2.44358951740777
345,2018,42,0.584581398034821,-3.10535760634898
345,2018,43,0.571035699358842,-1.80220058905567
345,2018,44,0.810781270076551,-1.85154655184055
345,2018,45,0.545090474186815,-2.96472880942453
345,2018,46,0.330924486918028,1.62587249758381
345,2018,47,0.208884723672322,-1.33803207329216
345,2018,48,0.295582516156073,2.59382454953544
345,2018,49,0.33502771941487,1.48751541707342
345,2018,50,0.483198052864495,2.42799694629809
345,2018,51,0.0978210227183179,-2.52775075916183
345,2018,52,0.236358922265707,-0.758984670040972
345,2018,53,0.123695120851745,-0.892732905244396
345,2018,54,0.185420377166115,-2.43530575456473
345,2018,55,0.250516250747832,1.17320907682422
345,2018,56,0.210046637915637,-2.54151987940439
345,2018,57,0.238386858053174,0.286970301941438
345,2018,58,0.652769924083699,-1.7244015343358
345,2018,59,0.635867986192108,-2.64659292678606
345,2018,60,0.203646117727038,-1.03343566135544
345,2018,61,0.0397995230615475,-2.88245835302661
345,2018,62,0.51320486626145,0.0679618454392619
345,2018,63,0.506549125535399,-3.0706572856565
345,2018,64,0.0181726394014893,-1.33346813229581
345,2018,65,0.338846794564621,-2.83882207181586
345,2018,66,0.327622228313534,-3.103344652343
345,2018,67,0.173564006017113,-0.579630017259962
345,2018,68,0.187240293621492,-2.74490684424687
345,2018,69,0.318070759022183,1.49710759778034
345,2018,70,0.360476902891302,2.55337459834955
345,2018,71,0.158347479363228,-1.37308771179443
345,2018,72,0.220210462039775,2.56354277808927
345,2018,73,0.0391175495681146,2.0750235880312
345,2018,74,0.0802635071094791,0.370946507517919
345,2018,75,0.132984822453884,-1.26228649045652
345,2018,76,0.294032099460363,-2.76369477657435
345,2018,77,0.40971809251393,-2.93625454071954
345,2018,78,0.546969014838442,0.42545422385753
345,2018,79,0.437752597211248,3.09452814231615
345,2018,80,0.304701898751999,-3.07834482078722
345,2018,81,0.0147036989517518,-1.76168380422253
345,2018,82,0.517147217525856,-1.35700560534138
345,2018,83,0.26573259175669,2.4568496737792
345,2018,84,0.569478298570762,2.78990258417563
345,2018,85,0.0986890454573796,-3.06474631344852
345,2018,86,0.265142767023618,-1.76013042886021
345,2018,87,0.604099916082936,1.47329384619217
345,2018,88,0.551604401724581,1.96291407322097
345,2018,89,0.206492197559662,-0.129062441767275
345,2018,90,0.141995162464762,2.43246798010107
345,2018,91,0.0453217686755031,-1.96264572372302
345,2018,92,0.27776419114711,-0.296796446065593
345,2018,93,0.687430820017155,2.8163658001698
345,2018,94,0.334915444237845,-1.90548460950898
345,2018,95,0.154716784194969,-1.04423184221942
345,2018,96,0.501151510032708,-1.34106047220285
345,2018,97,0.066729526417802,-0.402478754641989
345,2018,98,0.758715707083961,-2.14479751964187
345,2018,99,0.0583007122753563,-1.13635688169468
345,2018,100,1.41059933477083,2.02824894235699
345,2018,101,10.3093756380763,0.193173836831098
345,2018,102,16.104118052972,-0.0832490466571887
345,2018,103,16.1696227317219,-0.755529979710968
345,2018,104,10.9089931737286,0.432861315636107
345,2018,105,2.56396112688434,-0.435543531283887
345,2018,106,0.56343500961196,-0.685202278088535
345,2018,107,16.3489298513053,0.890464767101831
345,2018,108,16.1205810005336,-0.0138251426524851
345,2018,109,0.0471427141294689,-0.00313539932394136
345,2018,110,2.50289858650318,-0.0593781264970641
345,2018,111,12.0695586210148,-0.0840382913872535
345,2018,112,8.03331727986319,0.297875498069434
345,2018,113,4.06821151150392,0.0144552274920002
345,2018,114,1.65926102744763,0.0105284260684018
345,2018,115,4.19142539130591,-0.200748785057629
345,2018,116,48.8912572673682,-0.556941665329007
345,2018,117,22.8833327179826,-0.195958547571387
345,2018,118,7.77653475678177,0.109426299831953
345,2018,119,2.09297536319311,-1.70295823267198
345,2018,120,1.40817918574651,0.0650390254396287
345,2018,121,2.20239159942008,-3.0872509802765
345,2018,122,0.966358791964232,2.41591759272248
345,2018,123,0.0776343359960191,-0.923311029269062
345,2018,124,0.765455825301687,3.11081690927897
345,2018,125,1.86236729655148,-1.72974960874518
345,2018,126,2.85419593491644,-3.12900129559845
345,2018,127,1.53118359136848,3.09224262237179
345,2018,128,0.647569349963894,-3.06887364671861
345,2018,129,0.844417952372627,-1.75822710115892
345,2018,130,1.44802176310122,-1.71359417355529
345,2018,131,0.657138246384044,-0.188373262089086
345,2018,132,1.38262262256808,-2.11975186692885
345,2018,133,0.671434317706308,-0.482379427758488
345,2018,134,0.911958466397816,-1.67619010051176
345,2018,135,0.0162268044482376,1.55733681025864
345,2018,136,0.472857699480384,2.53096803826822
345,2018,137,1.09220315369941,0.674148715968577
345,2018,138,0.44384625947978,0.517101500345355
345,2018,139,0.115164843031187,0.215419871934764
345,2018,140,0.273927951526043,-1.69399817007335
345,2018,141,0.390634070140498,-2.595342755218
345,2018,142,0.610325257258586,2.87868568114179
345,2018,143,0.0400163831469039,0.246257815247874
345,2018,144,0.445579721884883,-2.87017231015013
345,2018,145,2.55370456584401,-0.360520260723882
345,2018,146,1.84647446330457,-3.10712058453449
345,2018,147,1.13802988249109,2.87606950459776
345,2018,148,0.516363306741776,0.997444007120147
345,2018,149,0.0392471517358832,1.97127173960424
345,2018,150,0.413387672995079,1.07953980944993
345,2018,151,1.80119201100375,-0.5329698294776
345,2018,152,0.80905123463098,-2.70180068596163
345,2018,153,0.634975616099,-0.242163484050617
345,2018,154,0.884373389191302,-1.14015490539919
345,2018,155,0.966661680580397,2.55561089186934
345,2018,156,0.529731982669288,-1.43465758120067
345,2018,157,0.348726859806647,0.801692731165922
345,2018,158,1.0014849611771,2.5702717918754
345,2018,159,1.01255042487891,-0.191695328772425
345,2018,160,0.854752101478883,0.554146875788959
345,2018,161,1.73903081675949,2.75606136660675
345,2018,162,0.928759712241684,0.943593478711647
345,2018,163,0.965799663058049,-1.36153711368629
345,2018,164,0.374116134896939,-1.91229786517271
345,2018,165,0.175358740608388,-3.06604608652301
345,2018,166,1.16236243713022,-3.1150520752439
345,2018,167,0.700326696344843,-0.87555608714378
345,2018,168,0.603038504436301,-1.11984272979555
345,2018,169,0.695606084524453,0.100501262179096
345,2018,170,0.55240596456286,-2.01561427765437
345,2018,171,0.6848443906858,-2.30760108338245
345,2018,172,1.40286965703696,-0.941901270227779
345,2018,173,0.476644494578743,-1.44730954984557
345,2018,174,0.366537985789305,-1.25174308958967
345,2018,175,0.689527123577247,-1.33894783899836
345,2018,176,0.964398867324694,0.203375806605581
345,2018,177,0.476521023542251,0.06726791168232
345,2018,178,0.64678733720048,0.709120084510111
345,2018,179,0.99929566500739,2.5531263740322
345,2018,180,0.75861311036222,-0.711171769646526
345,2018,181,0.473992526658109,-2.66692753432336
345,2018,182,0.679173629818648,-2.73314315795956
345,2018,183,0.890604472306257,1.07809838570492
345,2018,184,0.786522395080097,2.17494995507491
345,2018,185,0.632907729595136,-0.294956973822517
345,2018,186,0.397494875660975,-1.86715497528917
345,2018,187,1.26427584197044,-1.34023708523007
345,2018,188,0.934142378671146,-0.939951214336372
345,2018,189,0.858370805191895,-1.45362319164375
345,2018,190,1.1946824449969,-1.03347358480069
345,2018,191,0.612730362794972,1.25205372808461
345,2018,192,0.863972593435426,-1.7739160476971
345,2018,193,1.17067251495478,-2.19626740861687
345,2018,194,0.713609237867703,-3.13003628062418
345,2018,195,0.721453758460407,-2.00835461227868
345,2018,196,0.795494290898253,-1.23363551404305
345,2018,197,0.413505778457654,-0.96297877057721
345,2018,198,0.32691504267657,1.33009085814322
345,2018,199,0.772509369272962,-0.712260223665659
345,2018,200,0.473384243660345,-2.29923939947009
345,2018,201,0.556774407993878,2.72750691128955
345,2018,202,1.31211205884592,2.85148810568093
345,2018,203,0.638654518859686,-2.50509926300848
345,2018,204,0.59713694388788,-0.578468852465051
345,2018,205,0.492944667758077,-1.79915536537527
345,2018,206,1.22489858085307,-1.31471786815993
345,2018,207,0.368586717416219,-1.56756410992999
345,2018,208,0.183641558593648,-1.91975219720629
345,2018,209,0.0890161324140658,1.4881698177754
345,2018,210,1.06701957218886,-2.03214900918193
345,2018,211,0.329477156855243,-1.5004677982657
345,2018,212,0.297326981261273,-2.0596649705746
345,2018,213,0.503812688643091,1.3797581581173
345,2018,214,0.505272717933346,-1.15090406548475
345,2018,215,0.93241967187058,2.4017344660641
345,2018,216,1.10970079971004,2.65816729407083
345,2018,217,0.523617288979454,-2.06172650414136
345,2018,218,0.264452393117637,-2.11194337470416
345,2018,219,0.036494632556609,2.10241440425095
345,2018,220,0.208669974009748,-1.98571361265569
345,2018,221,1.00557859311998,-1.93396409063366
345,2018,222,0.374362522218681,0.307030974196677
345,2018,223,0.351144921470724,2.02573156452022
345,2018,224,0.373135618136577,-0.331979862619836
345,2018,225,0.332034537369464,1.17874601284549
345,2018,226,0.298285067003124,1.8760286810711
345,2018,227,1.22518207103737,-0.28802155790045
345,2018,228,0.343516066699381,1.03957549624503
345,2018,229,0.883783563552976,1.850298875551
345,2018,230,1.21057313227255,-2.56469257139202
345,2018,231,0.782201381280859,-2.42035253294272
345,2018,232,0.405797362435502,0.195814082709944
345,2018,233,0.895438351814062,-0.384532189453925
345,2018,234,0.137567777071003,-1.35701274298315
345,2018,235,0.213972213232004,-1.68704853824753
345,2018,236,0.151903982383048,-0.741328396560797
345,2018,237,0.389893122048254,-2.8061604360776
345,2018,238,0.346810320234227,-2.85276719625468
345,2018,239,0.441018540689516,1.29521676348716
345,2018,240,0.631486781879541,1.76501464739769
345,2018,241,0.726374127119683,1.74615105670325
345,2018,242,0.375517930269902,-1.91721565109346
345,2018,243,0.342450875494942,0.738408944500118
345,2018,244,0.801958959986337,-1.78716196669731
345,2018,245,0.0962218087323962,-1.51550276287218
345,2018,246,0.808252367608624,0.19050810411391
345,2018,247,0.206313230240822,2.34989085250295
345,2018,248,0.643831340300727,-2.77169581950548
345,2018,249,0.548005442123693,-0.376002654771762
345,2018,250,1.14557954235673,-2.32356265340436
345,2018,251,0.348421929184559,1.36273032848667
345,2018,252,0.792746569676401,1.90069756528842
345,2018,253,0.437849804557361,-0.71442248221072
345,2018,254,1.3436932767454,2.82642870029912
345,2018,255,0.307880755855111,0.430021150567209
345,2018,256,0.844839721583482,2.31211428386613
345,2018,257,0.180760702228236,-1.25618029950668
345,2018,258,0.972082221925108,-2.09113238315686
345,2018,259,0.471730787026056,-2.51433878376135
345,2018,260,0.169563774094212,-3.08086633952011
345,2018,261,0.625414185341544,2.63648460375711
345,2018,262,0.837103343825006,0.814864029096591
345,2018,263,0.0921915041321549,-2.9222996452588
345,2018,264,1.18086320556528,-0.65363623388401
345,2018,265,0.791553812852324,2.14013737005431
345,2018,266,0.900458216330687,1.19553965191228
345,2018,267,1.07396283012946,1.8467612171721
345,2018,268,1.91726273093967,2.05906780273961
345,2018,269,0.9524377724812,-0.693786006440156
345,2018,270,0.178659261348104,2.34993359769189
345,2018,271,0.889805589974904,-1.08708159721323
345,2018,272,0.365950211889512,2.58643318673062
345,2018,273,0.436655116025255,0.215225812430369
345,2018,274,0.347436540333759,0.527434076372453
345,2018,275,0.456471148007889,1.57319249756043
345,2018,276,0.818443547491827,2.25502756656084
345,2018,277,0.564953134939223,-2.10313679215009
345,2018,278,1.71141689074403,-2.64589452856827
345,2018,279,0.674861479884828,-3.13675706576236
345,2018,280,0.268954664736049,1.95420080817075
345,2018,281,0.404708630557848,-1.08593327754075
345,2018,282,0.618051268163007,-2.43607080323058
345,2018,283,0.722160580575642,-0.805899582627543
345,2018,284,0.333851739637525,2.66132910116978
345,2018,285,0.45934315537595,0.0299525036797576
345,2018,286,1.26793436775888,2.17365632054889
345,2018,287,1.07312349197276,2.42604584447132
345,2018,288,0.501468070893846,0.314818761903022
345,2018,289,0.312548992684018,2.98069829490599
345,2018,290,0.437286538185422,0.156487549413991
345,2018,291,0.706501441207959,1.43815464163439
345,2018,292,0.650653575160054,-2.52118532314208
345,2018,293,0.858905868920121,1.35678487354475
345,2018,294,0.168445242937583,-2.40167272738223
345,2018,295,1.24482311827594,-0.368025378520408
345,2018,296,0.53908437625957,0.978316922804547
345,2018,297,0.794922670263762,-0.0070172247168756
345,2018,298,0.827075594865007,2.75553521909284
345,2018,299,0.66793954164277,-0.390864333995576
345,2018,300,0.92646059636166,1.27699997832242
345,2018,301,0.190833988925461,-1.11091359471705
345,2018,302,0.736906994658933,-3.07081659472181
345,2018,303,1.3827845727406,0.310580014151462
345,2018,304,0.459540015897959,0.27602138724191
345,2018,305,1.88820171851701,-3.05696861144773
345,2018,306,0.890023752362544,-0.60029210557293
345,2018,307,0.235098595489909,-3.11324284459438
345,2018,308,0.541174966150843,3.06991114418035
345,2018,309,1.74632907544899,-1.05297665050188
345,2018,310,0.844781562804313,-2.4661803769629
345,2018,311,2.74888914228006,0.531632397471565
345,2018,312,1.22287434042155,-2.65168497044384
345,2018,313,0.669066369634542,0.692319790763334
345,2018,314,0.273184390471668,-2.39989024120486
345,2018,315,0.674866471025194,0.58449412506302
345,2018,316,2.09783431507626,-1.20162661519647
345,2018,317,2.1416863028921,-0.24198772193611
345,2018,318,2.23497893921254,0.399670727104427
345,2018,319,9.57461649408842,-0.107163563551553
345,2018,320,27.0980153523911,-0.0697568251485796
345,2018,321,29.2605403127675,0.189936694993562
345,2018,322,12.7840825822394,0.482539187166432
345,2018,323,12.355965904543,0.312383744185516
345,2018,324,15.0176978406127,-0.352552970907583
345,2018,325,1.00190098868038,0.499539340845105
345,2018,326,0.750231102138644,0.477084816658511
345,2018,327,8.75507765860682,-0.977324640241902
345,2018,328,1.48614192923071,0.176475860297561
345,2018,329,12.7427360399391,-0.0293450857223041
345,2018,330,11.5954952607158,0.0789223432811164
345,2018,331,16.6588432772408,-0.0815517574677429
345,2018,332,13.8527831209847,-0.0306868231788133
345,2018,333,1.3971358950623,-2.79247627321998
345,2018,334,0.44001449035194,-3.04381858469576
345,2018,335,12.2507256289581,0.3808042072591
345,2018,336,6.28860575737521,-0.293519639809444
345,2018,337,6.43397986328383,0.166430526792861
345,2018,338,0.104828556125944,-0.765227020399402
345,2018,339,0.282689990753465,-1.18558729760778
345,2018,340,0.218511352043116,-0.606096708645572
345,2018,341,0.318376028925898,-2.49033292534976
345,2018,342,0.187377904959114,-2.55499904976207
345,2018,343,0.337290516574225,2.46132989722103
345,2018,344,0.247553994583627,2.46897376834564
345,2018,345,0.489055009503933,1.96400232070895
345,2018,346,0.383160749153466,1.3598752520125
345,2018,347,0.388746132663854,2.85446937680518
345,2018,348,0.195041732578615,-0.416101345775705
345,2018,349,0.547160973490931,-1.51329446066608
345,2018,350,0.271271655841304,-2.73073861111814
345,2018,351,0.338417563888941,-0.0741050071734843
345,2018,352,0.430345579454449,-3.12083698106173
345,2018,353,0.245655878085148,1.83948851775487
345,2018,354,0.934509146155351,1.53029355910735
345,2018,355,0.104328392687305,-2.47153844037527
345,2018,356,0.272715304288579,-1.09093406350634
345,2018,357,0.485660050315852,-0.607690167478713
345,2018,358,0.0629183448945795,0.75142605061057
345,2018,359,0.168085970947536,-2.62073992934494
345,2018,360,0.18880809618482,3.14098077286479
345,2018,361,0.543716117411882,0.838348095306134
345,2018,362,0.578890062137244,3.1290708407988
345,2018,363,0.0991755916097813,-0.448736017544594
345,2018,364,0.196695887443722,-1.54206513260619
345,2018,365,0.19344231763716,0.437660898652102
371,2018,2,0.738572489568161,NA
371,2018,3,0.190292645016517,-2.77469762042883
371,2018,4,0.802780928244623,-1.38221945847851
371,2018,5,0.616278762437651,-2.68210010758643
371,2018,6,0.163142759112008,-2.25643767447425
371,2018,7,0.0184133906719949,-2.51484198109907
371,2018,8,0.205663051410592,-2.97783060448414
371,2018,9,0.343397149167494,-2.16419263372271
371,2018,10,0.798028655805191,-2.34384008525329
371,2018,11,0.887449333269351,2.0760744859963
371,2018,12,1.18312782029773,2.83406527641811
371,2018,13,0.100867254918996,1.83200920730585
371,2018,14,0.410355323571744,2.40005420536088
371,2018,15,0.0849947085683104,-2.10124734791143
371,2018,16,0.277769407484891,-2.14142624463023
371,2018,17,0.248196994796962,-2.67224795347768
371,2018,18,0.137080062887582,-1.42649613317105
371,2018,19,0.117683142655201,1.53524553899221
371,2018,20,0.451620281028964,-2.81017530452876
371,2018,21,0.353968096792698,-2.92361537597269
371,2018,22,0.289381103074172,-0.663770999908161
371,2018,23,0.532142997359628,-2.70572760361643
371,2018,24,1.14822648331731,-2.47890685014309
371,2018,25,0.876193014396903,2.77847412541579
371,2018,26,0.387782727579401,1.7110023346924
371,2018,27,0.117906648061548,1.31729075432722
371,2018,28,0.0496392651152757,1.85927685736309
371,2018,29,0.277671203930943,0.956589156383246
371,2018,30,0.570873997551551,-2.82308389024909
371,2018,31,0.554726674747816,-1.09440500032876
371,2018,32,1.10227806605089,-2.58327780761002
371,2018,33,0.336780873995304,2.5596175433161
371,2018,34,0.180236136452938,-2.19316360364805
371,2018,35,0.738535727599511,-2.95385342743014
371,2018,36,0.182166303575093,-0.53745712768913
371,2018,37,0.700358940733974,-2.92045780241881
371,2018,38,0.51160207163532,-3.07273244674666
371,2018,39,0.977006626779565,-3.04392533135946
371,2018,40,0.682696380021208,-2.79925548072197
371,2018,41,0.188133600494921,-1.65829488655853
371,2018,42,0.641517318357481,0.548611690810039
371,2018,43,0.432190214471444,2.9187153540057
371,2018,44,0.424478630080405,0.618128564115765
371,2018,45,0.0432456248237811,3.09631064191496
371,2018,46,0.177239879561968,0.666013187639631
371,2018,47,0.198164582726553,3.04338709713043
371,2018,48,0.0987216673099893,-2.56532469204001
371,2018,49,0.201408583351678,2.70518932694132
371,2018,50,0.142782400888174,2.8231495842601
371,2018,51,0.11898112228192,-0.860632095546634
371,2018,52,0.198823329036249,2.0386488772204
371,2018,53,0.196164135968936,2.90213933611271
371,2018,54,0.498876834765449,1.84639256428462
371,2018,55,0.246478753574889,2.35668385206117
371,2018,56,0.0767902096989289,2.70356042132145
371,2018,57,0.493626836400954,-1.79092502495338
371,2018,58,0.154616026131779,-2.24282635807088
371,2018,59,0.405494123778954,-1.74507111741161
371,2018,60,0.570344223871499,2.47372826327921
371,2018,61,0.414088287247092,2.70592608336194
371,2018,62,0.12330522931977,-1.95524009515806
371,2018,63,0.549535980530823,-2.80454910726211
371,2018,64,0.392961745659645,-2.89608278349691
371,2018,65,0.305406600543819,-2.88949517423155
371,2018,66,0.0569261109635883,2.73831701333585
371,2018,67,0.260437820055898,0.00251663595367591
371,2018,68,0.30537915757311,2.7889792547827
371,2018,69,0.303669021660923,-2.88729536019775
371,2018,70,0.126648202175735,2.95859187803859
371,2018,71,0.237096541837236,2.93093703648942
371,2018,72,0.46240610675572,2.71939457480196
371,2018,73,0.238698516942129,2.1781879211171
371,2018,74,0.253192692288128,0.508535837413246
371,2018,75,0.274883280178229,2.2059477616741
371,2018,76,0.30618127537028,-2.8195214070395
371,2018,77,0.0882321733301462,2.64064855665884
371,2018,78,0.356143303026856,1.52855517946657
371,2018,79,0.439309297428243,2.86198705320686
371,2018,80,0.310735838519571,-3.09954009984975
371,2018,81,0.0119387483130785,2.06265759872953
371,2018,82,0.418011504842016,1.07115442687347
371,2018,83,0.274048592927562,-2.63811073518789
371,2018,84,0.149892296042108,-1.16765894206849
371,2018,85,0.151710955588444,0.909153263270788
371,2018,86,0.354412394357546,-0.39776944459113
371,2018,87,0.460739466167521,-2.96522709612639
371,2018,88,0.177667029534075,-0.378602504506036
371,2018,89,0.011455572969187,2.25199227090665
371,2018,90,0.269840051706965,0.523487889538744
371,2018,91,0.221144182068773,-2.72128085140517
371,2018,92,0.330069730512256,0.215134801899726
371,2018,93,0.496116049393367,-3.02458411586658
371,2018,94,0.157296963927286,-0.205159667931126
371,2018,95,0.87155830349312,-0.831671654089307
371,2018,96,0.887631578925887,-2.57765574370531
371,2018,97,0.537840120839954,-0.194380840884819
371,2018,98,0.18996162102784,-1.57159203346318
371,2018,99,0.261253229051759,2.22797025893637
371,2018,100,4.16151838301051,-0.831633225086311
371,2018,101,6.17715582409365,-0.232337624371635
371,2018,102,4.42325157217039,0.48333065050441
371,2018,103,7.2528636458259,-0.159887688381968
371,2018,104,17.3909170758404,0.277818242384602
371,2018,105,16.742619967862,-0.590090345824203
371,2018,106,17.7596480986446,0.307555847831225
371,2018,107,15.7479096253422,-0.0167914440352988
371,2018,108,18.1624418905573,-0.172471724295461
371,2018,109,13.433928574025,0.0105783916313635
371,2018,110,5.79845488926595,0.201694852300787
371,2018,111,7.3181692557414,0.0282485181804581
371,2018,112,32.5797952519167,-0.639714373971269
371,2018,113,23.2745266544806,-0.208079816048414
371,2018,114,15.0921915313669,-0.16636087923555
371,2018,115,1.94941848160554,0.229721598738274
371,2018,116,1.51575034151405,-0.176293985249973
371,2018,117,0.858733795562073,-1.95068996939684
371,2018,118,0.122911174146642,1.46863092911039
371,2018,119,0.137494774240632,-2.94089184191632
371,2018,120,0.394779888862555,-2.93287864794357
371,2018,121,0.755960035341996,1.87211262500696
371,2018,122,0.832873777574548,2.93906218270041
371,2018,123,0.882014779436442,-1.72081892860676
371,2018,124,0.8993992414816,-3.1167000261852
371,2018,125,0.229795092884571,2.52942451507715
371,2018,126,0.131512305491448,0.84553189307621
371,2018,127,0.344522752464722,2.56588381193116
371,2018,128,0.409975301295083,3.06185932905816
371,2018,129,0.969912553367435,-0.972220667157182
371,2018,130,0.114699520891931,-1.70416001064191
371,2018,131,0.681533060653011,-2.07247717457388
371,2018,132,1.02758571165383,-3.02085827100489
371,2018,133,4.01812803778053,0.57199572312629
371,2018,134,4.10022645122295,2.94968979567868
371,2018,135,1.18784116959125,0.706669383958248
371,2018,136,0.789826662746811,2.42472067410101
371,2018,137,0.0116774327671868,0.108300746628974
371,2018,138,0.312499483166848,-2.97591612877732
371,2018,139,0.188296431347366,2.51382385142469
371,2018,140,0.296628906303475,-2.64357924303751
371,2018,141,0.537802140291624,-1.18484636200223
371,2018,142,0.255361405441297,2.19644153812187
371,2018,143,0.722961567940391,1.77806244707458
371,2018,144,0.725790914050207,-2.60580552560772
371,2018,145,0.424975380050454,-3.0269127212234
371,2018,146,0.538176573201077,1.78845515185758
371,2018,147,0.612235126785433,2.71850954377431
371,2018,148,0.431919550132279,-2.94600368041812
371,2018,149,0.50011326650571,-0.662171774183488
371,2018,150,0.29271888985732,-0.917638000017888
371,2018,151,0.397060587689215,-1.48351067025391
371,2018,152,0.850336918298966,-1.28167131157067
371,2018,153,0.392084532116525,2.48732916335955
371,2018,154,0.905416483319233,1.98643904880326
371,2018,155,0.271509564510617,0.692204447577525
371,2018,156,1.22404812891839,-2.73694897257531
371,2018,157,0.715119065183689,-2.92996358416741
371,2018,158,0.184087135495173,-0.280959387337635
371,2018,159,0.489822209682736,1.37673162889036
371,2018,160,1.13693950468642,0.521062191761237
371,2018,161,0.886322884289296,-3.118559826513
371,2018,162,0.756810807765116,-0.286496403557615
371,2018,163,1.02786595596478,-2.66266233389643
371,2018,164,0.152982934613044,-2.26163547902202
371,2018,165,0.348987016840895,0.261237526630265
371,2018,166,0.915979691966718,-1.6140673770688
371,2018,167,0.726834052191707,2.79239704962767
371,2018,168,0.773679266006906,1.58699518182984
371,2018,169,0.242702019333095,1.82687534847443
371,2018,170,0.103763201851621,-2.59752823741462
371,2018,171,0.212603477031662,-1.89478912929597
371,2018,172,0.672707790390471,-0.180214912695905
371,2018,173,0.709525606258688,-1.78101449876234
371,2018,174,0.680733574774609,-3.10641175662126
371,2018,175,0.417864403702311,2.96124539169737
371,2018,176,0.437684937543143,0.225635815127477
371,2018,177,1.1229197893175,-2.47294532131514
371,2018,178,0.0947569916616448,2.95068866430659
371,2018,179,0.869794885629969,-0.905733591582011
371,2018,180,1.26274189728557,3.11516314877753
371,2018,181,0.895906995392256,-2.36358001695639
371,2018,182,0.915016753263391,2.69523985493335
371,2018,183,0.898508656461181,-0.257248167499011
371,2018,184,1.57330324141072,-3.00234176356577
371,2018,185,0.211513591064052,-1.52623535463971
371,2018,186,0.623380969634425,-1.27862591591507
371,2018,187,0.316477792795024,1.04357658478604
371,2018,188,0.658708812135619,2.28412444427762
371,2018,189,0.372084002736801,-2.2213999663045
371,2018,190,0.608086775989463,1.653748930679
371,2018,191,1.20625548799623,3.03578506467672
371,2018,192,0.216289647334306,-1.92904591250097
371,2018,193,0.445178517556973,-2.1571628876038
371,2018,194,0.347329568497406,-0.495432000747409
371,2018,195,0.480532472443283,-2.81536563297574
371,2018,196,0.665060889889087,-1.36976560919995
371,2018,197,0.296524310221928,0.763943804486627
371,2018,198,0.461722846974387,-0.985018610078502
371,2018,199,0.6199636457918,-1.22466761299038
371,2018,200,0.183650519057802,-0.975320433519757
371,2018,201,1.24501447685226,-1.49968187695379
371,2018,202,0.241289933167069,0.5815562524418
371,2018,203,0.70126272456891,0.0143835562879033
371,2018,204,0.37420530894358,-1.40937449395447
371,2018,205,1.00041429698704,-2.54638298235692
371,2018,206,0.0560338121679927,1.91411881578763
371,2018,207,1.02536763905553,1.65659131708276
371,2018,208,0.261008314264804,-1.50238624681609
371,2018,209,0.929212063822284,1.11056470656278
371,2018,210,0.61292872707261,3.06208562442794
371,2018,211,0.362500366202377,2.13666309639508
371,2018,212,1.03440596105112,-0.474000287279257
371,2018,213,0.0555647284378424,1.88392682585267
371,2018,214,0.0430872221918099,-0.433226026857348
371,2018,215,0.552882085294412,-0.514037646871586
371,2018,216,0.661091321647858,1.0224019950264
371,2018,217,0.639865044090654,2.64001984094449
371,2018,218,2.09641494295092,-1.47119903470789
371,2018,219,1.1762072841269,2.34099270513606
371,2018,220,0.253507520284854,-1.43747511258806
371,2018,221,0.603406701353359,0.896525847913504
371,2018,222,0.546684143341889,0.704013061852342
371,2018,223,0.682392987734855,3.02440873947747
371,2018,224,1.9393825113336,2.80359075104022
371,2018,225,0.152739381541279,0.849844214844794
371,2018,226,0.772942807665793,1.30638785753194
371,2018,227,2.20510592636147,0.989703412999587
371,2018,228,2.37753570255988,3.04684644060384
371,2018,229,0.121698672145169,0.0981550485255109
371,2018,230,0.243329846803968,0.013611771619876
371,2018,231,0.71500964872972,2.62175651289292
371,2018,232,1.07007189652599,0.746447122051437
371,2018,233,1.7764668765016,2.4538664492606
371,2018,234,1.14697845714453,0.0687417234222583
371,2018,235,10.0085681866654,1.09597446358573
371,2018,236,0.838002422639318,-1.41606987870927
371,2018,237,0.200554022166435,-0.761812574256844
371,2018,238,0.470574814152469,-2.53624058759592
371,2018,239,0.0955262478774766,2.70188696328623
371,2018,240,0.161153636413345,2.38122191028826
371,2018,241,0.766523646606408,2.24672518454806
371,2018,242,0.454966490710472,-2.2641796526671
371,2018,243,0.415939020050126,1.13515957147093
371,2018,244,0.677705130866564,-2.9652247026859
371,2018,245,1.31841903679163,2.19206799918664
371,2018,246,1.64879127629029,-2.85897565864041
371,2018,247,0.179391067043108,-2.04786030790572
371,2018,248,0.684395380122298,-0.381823086583116
371,2018,249,0.764417990781769,2.42330269718578
371,2018,250,0.57861952510205,-2.70781497514154
371,2018,251,0.251088704263889,-2.69679396302039
371,2018,252,0.31938570748234,-1.54335746060684
371,2018,253,0.764552641825631,2.88828057735808
371,2018,254,0.454312139170264,-3.14159115718215
371,2018,255,0.421972307434601,-1.72685993467287
371,2018,256,0.141831812428481,-3.03355089832335
371,2018,257,0.833359735826207,0.446231572774501
371,2018,258,0.219291094314686,2.68987854641571
371,2018,259,0.767042601465774,0.606328394136815
371,2018,260,0.0818108045755083,1.92714855712176
371,2018,261,0.110735129395278,2.02251483293265
371,2018,262,0.264395816315727,-1.41341369218763
371,2018,263,0.242553251594641,1.46030757161089
371,2018,264,0.645765643063836,-1.87355189733937
371,2018,265,0.747845784244626,2.07684224995441
371,2018,266,2.16824973223112,0.889008354626455
371,2018,267,0.339111693951767,-2.16113153311775
371,2018,268,0.398057417985563,-1.82547595276998
371,2018,269,0.820123034805902,1.94088641524232
371,2018,270,0.396122520775463,-3.09899787481621
371,2018,271,0.898132865338403,1.83781015172257
371,2018,272,1.30413418855452,-2.18423403380297
371,2018,273,1.46447609855606,1.71558694778698
371,2018,274,0.957963420182919,1.65553561589824
371,2018,275,0.245119189416853,-1.68868859520426
371,2018,276,0.0694595139587395,0.779561820373142
371,2018,277,0.500281320429642,-2.49120198085222
371,2018,278,2.00686492485838,-1.56712910542913
371,2018,279,1.05048464590695,2.52867344484313
371,2018,280,3.59182344700106,-0.476647078170214
371,2018,281,0.921458860577613,1.85083046179482
371,2018,282,4.48497103886034,-1.36498153012513
371,2018,283,1.96607168445952,0.277901553553837
371,2018,284,0.354191682034651,-2.12187379118888
371,2018,285,2.5316554417105,-3.11244888101515
371,2018,286,1.50270918527771,-3.12502984585704
371,2018,287,0.257087593339068,-0.754179581783019
371,2018,288,0.440843139064596,0.51484441701951
371,2018,289,0.657310157551702,-2.53487839903114
371,2018,290,0.912592953967152,-1.70787309962934
371,2018,291,0.472469468574828,-2.9000119707747
371,2018,292,3.42044633603524,1.99768444444988
371,2018,293,2.33738574264719,-2.84178837084728
371,2018,294,0.198850243780512,2.5491326463987
371,2018,295,0.837188028040395,-2.8090967503084
371,2018,296,2.69800883704197,-0.408022137791847
371,2018,297,1.22670881802552,-2.93026222920917
371,2018,298,1.14687160961648,0.108362194869237
371,2018,299,0.552826201764002,1.03015468494228
371,2018,300,0.411370655629956,-0.247830036738444
371,2018,301,0.724189838095228,-1.52828200146298
371,2018,302,0.946549442994828,-0.990700650804733
371,2018,303,2.41087315359757,-1.64852851748723
371,2018,304,0.72604849578128,-1.11720778016955
371,2018,305,0.99169083490419,0.23254954823091
371,2018,306,2.36788731278155,-2.26737915663716
371,2018,307,0.320281667098225,-2.98493123275507
371,2018,308,1.87820600428563,0.738139719211711
371,2018,309,5.13978297100913,0.550578497665115
371,2018,310,18.4761930909249,-0.232249315923196
371,2018,311,32.3389059288613,0.13452882678457
371,2018,312,16.7826455309261,0.354292147397666
371,2018,313,2.39282011889482,0.149401638487287
371,2018,314,0.762391685191147,1.65046483473558
371,2018,315,14.7925383447118,-1.30053188193179
371,2018,316,3.27317622279938,-0.146507714105701
371,2018,317,19.1087783584345,-0.191384101580687
371,2018,318,15.1664717379761,0.160994770594158
371,2018,319,5.48933262439182,0.420979057669612
371,2018,320,18.5803031360359,-0.330296612236834
371,2018,321,7.69098628504136,-0.271049673579823
371,2018,322,21.0162110548832,0.53814597097328
371,2018,323,16.2645028238443,-0.287339762600787
371,2018,324,10.2368149324924,-0.0747410826553061
371,2018,325,0.326132531262303,-2.14154369723669
371,2018,326,0.0863295842586548,-0.302704078435898
371,2018,327,0.58378582865432,0.568845712537229
371,2018,328,0.611174157563903,-2.91744853543792
371,2018,329,0.596625754562179,3.12856104582081
371,2018,330,0.550506482683037,2.85978025540895
371,2018,331,0.759024749891068,-2.81069966571663
371,2018,332,0.156055179525145,2.51891569332352
371,2018,333,0.23975394091442,1.90461808050422
371,2018,334,0.381050244348379,-2.27876673143611
371,2018,335,0.306549602362008,-1.91743872969582
371,2018,336,0.254532598965416,2.13409805901579
371,2018,337,0.101414522089302,-1.67248585808732
371,2018,338,0.659573388601781,-2.26445629419559
371,2018,339,1.74962794079636,-3.00030327748012
371,2018,340,1.76734891220381,-3.05207338882991
371,2018,341,1.08501411384783,3.03129372650768
371,2018,342,0.539241120754708,2.74164937927477
371,2018,343,0.993696363225474,-2.2495408344155
371,2018,344,0.94423623736266,-2.94741606094981
371,2018,345,0.249701696282831,-1.09369100668084
371,2018,346,0.708977695424804,-2.50510198148308
371,2018,347,0.513237117648302,-2.18806799124338
371,2018,348,0.603056793475559,-1.91555739540969
371,2018,349,1.13325629382206,-2.05225054374847
371,2018,350,1.07995019645553,2.84854850301852
371,2018,351,0.56320231130992,2.79635597388484
371,2018,352,0.098561481293259,-0.245861029466258
371,2018,353,0.0647726346578255,-2.16812392966354
371,2018,354,0.0603097831804672,-0.821924943788235
371,2018,355,0.137252847307892,-2.55363482002429
371,2018,356,0.566660504828991,-2.91073502621681
371,2018,357,0.528887723748703,-2.7537388986082
371,2018,358,0.721979163247455,2.07359139585601
371,2018,359,0.101899013776968,0.850056410903664
371,2018,360,0.126356613829215,2.21519746611783
371,2018,361,0.123663671603637,1.98971559458782
371,2018,362,0.340727619112334,1.64835749173368
371,2018,363,0.910953963104029,2.12705292612067
371,2018,364,0.0425657248586104,1.9922475278161
371,2018,365,0.262500525151496,2.53647889920498
371,2019,2,0.29575597611655,NA
371,2019,3,0.603297990701808,-1.40303122676359
371,2019,4,0.169145478819044,0.00939107243547888
371,2019,5,0.292537999885539,-2.83462005115785
371,2019,6,0.154747617796988,-1.13283289208301
371,2019,7,0.405533066752081,-2.55026826614793
371,2019,8,0.360519341619184,2.84247350507599
371,2019,9,0.199932003127014,3.08998264102813
371,2019,10,0.170250149713431,1.08486402590847
371,2019,11,0.659709498133018,2.69241547372867
371,2019,12,0.439518165963188,2.9446533908222
371,2019,13,0.43261934584746,2.35045071849632
371,2019,14,0.824841240561375,-2.63175582040611
371,2019,15,0.158607898831207,-2.88274658570052
371,2019,16,3.42365045967826,2.81096895605285
371,2019,17,3.81073316168419,-3.08742788219206
371,2019,18,0.462685840969188,-0.129846871273962
371,2019,19,0.696263010633205,3.11417170049462
371,2019,20,1.69355962338729,-2.97019959439096
371,2019,21,1.98103559185837,2.82732371225345
371,2019,22,0.420404920395474,-2.41553025595846
371,2019,23,0.970593524127371,-1.71282004310096
371,2019,24,0.574786419950073,-2.6046871780583
371,2019,25,0.838442381327264,-2.83278798426502
371,2019,26,0.384067876369324,-2.94548258874964
371,2019,27,0.380433496740187,-0.0759552712168468
371,2019,28,0.263988839767976,2.98655354064267
371,2019,29,0.128641501913618,-0.893823410399383
371,2019,30,0.224130725058821,-2.27815469368949
371,2019,31,0.195177666732538,0.314563898003357
371,2019,32,0.344960331035775,3.09559502276409
371,2019,33,0.612017988853144,2.85752532035662
371,2019,34,0.249287451299261,-2.18826774063007
371,2019,35,0.118693149792792,-2.68184644533661
371,2019,36,0.202184351454819,1.20665263265228
371,2019,37,0.308940365337373,0.524157843294313
371,2019,38,0.544967346588495,3.13969665094138
371,2019,39,0.318327883259687,3.09488498343616
371,2019,40,0.0578491476942236,2.63981919896464
371,2019,41,0.159610193311238,-2.68297080556757
371,2019,42,0.407915149568042,-2.90958161634725
371,2019,43,0.372530646245194,3.05977595300256
371,2019,44,0.271352950286205,2.88627265021375
371,2019,45,0.216157706964727,-0.101278664211256
371,2019,46,0.095099117823739,0.388655203537535
371,2019,47,0.492814738758445,2.73372797630943
371,2019,48,0.509232452352914,3.00263753649618
371,2019,49,0.376994852570625,2.32495257739079
371,2019,50,0.440156939830071,1.60701593836692
371,2019,51,0.52650246092114,2.8022305692419
371,2019,52,0.23986934600966,1.50759158195729
371,2019,53,0.605858785275754,2.07716049922617
371,2019,54,0.374147855789436,2.85264726624165
371,2019,55,0.321589538310415,-1.00967895448861
371,2019,56,0.164873028092825,-2.17751309441774
371,2019,57,0.35449762864575,-0.431068229766958
371,2019,58,0.446496644357965,3.1011460715158
371,2019,59,0.217029075259724,2.63290700257259
371,2019,60,0.40355517221993,-1.20883982857303
371,2019,61,0.763697501354303,2.55549516541687
371,2019,62,0.226945846828345,-2.9118305558941
371,2019,63,0.551447895176945,-1.3459300558501
371,2019,64,0.175250323503142,2.65651764733707
371,2019,65,0.0591685244965157,-2.4493580324027
371,2019,66,0.374604910550123,-2.77443878336959
371,2019,67,0.263947522235607,2.95782520936996
371,2019,68,0.23579750613435,-3.12112026620653
371,2019,69,0.100896611091027,2.8964923673282
371,2019,70,0.167851587832367,1.09639018775933
371,2019,71,0.22030491990815,2.83823790881798
371,2019,72,0.115531785235967,1.28014751815712
371,2019,73,0.0645097045220461,2.93285249134256
371,2019,74,0.382135131454731,-1.55004731172881
371,2019,75,0.281711404895128,2.30865508413943
371,2019,76,0.454159504286859,2.17371569887541
371,2019,77,0.5137748214241,-2.28550891642201
371,2019,78,0.01713761166546,-0.386071604708173
371,2019,79,0.372091873221715,-2.13596702193722
371,2019,80,0.178534983232801,1.46755192695601
371,2019,81,0.414964301695137,2.22073236630975
371,2019,82,0.129539932867118,2.50746836897054
371,2019,83,0.0813768020515785,0.806985144621678
371,2019,84,0.00771024366481948,-2.08472133815396
371,2019,85,0.252365785213116,2.21959404865665
371,2019,86,0.0826152608541719,2.40245749858516
371,2019,87,0.315666057730995,0.588492338449614
371,2019,88,0.0567509095831024,3.10318003507353
371,2019,89,0.162265412961129,3.03043842585542
371,2019,90,0.540916805816683,3.10383519108388
371,2019,91,0.268071581135651,-2.23425654333392
371,2019,92,0.47831001087412,-3.12577130228624
371,2019,93,0.472555743953989,2.56674247339928
371,2019,94,0.335945947300101,2.97045957868407
371,2019,95,0.314351647588832,0.994146826506135
371,2019,96,0.116086709463292,-1.27339156170239
371,2019,97,0.233966506143771,2.21891952151383
371,2019,98,1.33786049782794,-1.82998409012903
371,2019,99,2.37240657303052,0.295356507342182
371,2019,100,4.65929325827133,-0.422398131662845
371,2019,101,7.14655013339883,0.546936987577362
371,2019,102,1.01712229585887,0.136080699446738
371,2019,103,6.05419628419167,-0.102845653914414
371,2019,104,16.2594870439771,0.174010331126715
371,2019,105,1.09991712596528,-1.0916479248071
371,2019,106,26.262228831547,0.721961445571838
371,2019,107,13.7966657702385,0.151177188563522
371,2019,108,9.60527967690851,-0.289538772112634
371,2019,109,8.67432937695069,-0.00140198769657562
371,2019,110,20.1482524825186,0.0848299866863398
371,2019,111,2.32794742314353,0.0457576268884576
371,2019,112,6.36069843587961,0.130232987096072
371,2019,113,2.07668526243496,0.153748449061425
371,2019,114,6.9816867843547,-0.352377846041743
371,2019,115,43.2024220181997,-0.495068859068632
371,2019,116,10.0233095311366,-0.0378427679619717
371,2019,117,17.5114414443533,-0.266872853796101
371,2019,118,2.92321794779423,1.34634489805676
371,2019,119,1.25787673867158,-2.95466179418572
371,2019,120,1.51353663346844,1.23947116683649
371,2019,121,1.38592369201536,-2.64274008454169
371,2019,122,0.444001447517728,-1.76452522904755
371,2019,123,0.351535951360031,2.05358102511294
371,2019,124,0.514232272206576,-3.11239995828516
371,2019,125,0.296348641268645,-1.56796248272904
371,2019,126,0.348448793933119,-2.82256412791226
371,2019,127,0.658218204928752,2.81756481368506
371,2019,128,0.296943841283103,-1.97049085309025
371,2019,129,0.235061330984752,-0.588969665739874
371,2019,130,0.311575615531085,-2.50550616980769
371,2019,131,0.605105325540122,-1.01665991389965
371,2019,132,0.212387792294465,3.06637936061113
371,2019,133,0.882329848408162,-0.106057448787689
371,2019,134,0.173084248015686,2.83702903230454
371,2019,135,0.680174231421632,1.95007105945325
371,2019,136,0.247953121723228,-2.36853909160666
371,2019,137,0.507679001130763,1.51658703495244
371,2019,138,0.325311196469455,2.63838357402179
371,2019,139,0.357584464646819,0.909133702321671
371,2019,140,0.5030854878695,1.47466095062198
371,2019,141,0.326569952182526,-1.47284081956768
371,2019,142,1.10802501134192,3.13055677472552
371,2019,143,1.32495736477016,2.51693628198393
371,2019,144,0.527659156068033,0.66662237892329
371,2019,145,1.11824303815163,-2.85501713638996
371,2019,146,1.26221574453193,-2.37960986012252
371,2019,147,0.489166417374184,2.15644945948103
371,2019,148,0.319278927047991,-2.1845147876071
371,2019,149,1.21526568446438,-2.12372855520394
371,2019,150,1.2031920821203,-2.32178237148932
371,2019,151,0.818741109544277,3.14115201894184
371,2019,152,0.475601190876999,1.07080757569536
371,2019,153,0.188595127253928,0.896681357829835
371,2019,154,0.235674005612732,0.623629067926362
371,2019,155,0.131454630894347,0.328670488829182
371,2019,156,0.191245268486097,-2.45932037648966
371,2019,157,0.192820145366272,0.365565089970754
371,2019,158,1.06595032389858,-2.21504803110712
371,2019,159,1.067322561422,3.13998099458804
371,2019,160,1.45965319183937,1.40116512298428
371,2019,161,0.957874375859928,2.59134265043635
371,2019,162,1.28965478409353,-2.98143887395025
371,2019,163,0.872314173582955,3.08522881382845
371,2019,164,0.384729664992449,1.13201904137455
371,2019,165,0.215254927460195,-0.20225380063402
371,2019,166,0.834701133640513,3.052546388579
371,2019,167,0.414396566316532,1.87977189134831
371,2019,168,1.3490166535895,1.20340170436024
371,2019,169,0.400114871340123,2.60895119386339
371,2019,170,0.538544161789549,2.79454848233459
371,2019,171,0.505662447213694,2.82422705724792
371,2019,172,0.321833379126869,1.48482021310044
371,2019,173,1.08701602660976,3.02191605548273
371,2019,174,0.956718390189393,-2.87717257971837
371,2019,175,0.569166953942244,0.838597369068095
371,2019,176,0.741604824058089,-2.12611730851728
371,2019,177,0.716586699820624,3.00865502732477
371,2019,178,0.461635356910466,1.39678345252784
371,2019,179,0.384448699415522,0.183954805592617
371,2019,180,0.581161788877087,1.6578543286248
371,2019,181,0.750205816562918,2.35195918115776
371,2019,182,1.62846606628255,-2.40883142820079
371,2019,183,1.14394289955436,-2.56918569049837
371,2019,184,0.813186131534885,2.54810966970768
371,2019,185,1.36918404136715,0.738813885421603
371,2019,186,1.20465964527767,2.45398713857795
371,2019,187,1.05495462007465,0.501476846472183
371,2019,188,0.383877977635144,1.56569956334984
371,2019,189,0.67591812127313,-2.35310937000743
371,2019,190,0.67834555740644,3.13323315901232
371,2019,191,0.32906130183253,0.903586263291653
371,2019,192,0.560499853166944,1.14286778432145
371,2019,193,0.848506120501793,2.26132945959282
371,2019,194,0.2589775760765,-1.13909846818142
371,2019,195,0.484461014512018,-2.88749142439756
371,2019,196,1.39908257630613,0.813989765061026
371,2019,197,1.30268332229015,-3.07137992818832
371,2019,198,0.191283445746282,-1.42018207130909
371,2019,199,0.263037575919129,-0.257030368107324
371,2019,200,0.460206619962942,0.153625618236848
371,2019,201,0.288484215871679,-1.853235447923
371,2019,202,1.00422370694033,-1.73677309306798
371,2019,203,0.460473517174865,2.33312342257292
371,2019,204,0.266452084641968,3.10511845012748
371,2019,205,0.783931780410977,-2.16725885411036
371,2019,206,0.0843191225219667,3.14139394073858
371,2019,207,0.81714423859801,-1.04452192704712
371,2019,208,0.231049357110424,1.90109120563056
371,2019,209,0.241812994756886,0.740177010319049
371,2019,210,0.31904059923325,-0.650230052648029
371,2019,211,0.171114568865434,1.65045879667007
371,2019,212,0.213025045518649,0.0129462378360286
371,2019,213,0.492571444801161,3.10091197997657
371,2019,214,0.383583467082585,-1.55068208408557
371,2019,215,0.499776994212365,-2.97248119043959
371,2019,216,0.243475854154465,-0.34701473393986
371,2019,217,0.662560428772345,-1.51437991149812
371,2019,218,0.852302789641003,-3.10469783115287
371,2019,219,0.858141568156047,-1.02266691484682
371,2019,220,0.475783482070041,-0.462105577608058
371,2019,221,0.029443772316869,2.4638696869343
371,2019,222,0.289962185157926,0.701994601603843
371,2019,223,0.317511306296129,2.45884186870727
371,2019,224,0.937502498615295,3.07641017285129
371,2019,225,1.00484406074302,1.22640271926604
371,2019,226,0.696429186212335,-2.84020243301867
371,2019,227,1.41090364846991,-0.717980407337164
371,2019,228,0.812208336111673,-2.48683232699175
371,2019,229,1.02187987486015,2.09458193258983
371,2019,230,0.584221686823997,-2.82059423405938
371,2019,231,0.871730916816018,-2.01116691221654
371,2019,232,2.94472522867945,-1.20695190181425
371,2019,233,1.41914650527547,-0.559929458726354
371,2019,234,0.0341252337257416,-0.742487359083203
371,2019,235,0.784661908864799,-2.28573913908852
371,2019,236,0.263242425191647,1.86052112268678
371,2019,237,0.428608641891254,0.937319086712914
371,2019,238,0.520195681656352,-2.95789710544213
371,2019,239,0.388993147972098,2.23633132590888
371,2019,240,0.615350185772133,-2.68456880305908
371,2019,241,1.12727327894533,0.529076830888424
371,2019,242,0.55080176210792,2.85741264814063
371,2019,243,0.0605535202265522,0.035371854490851
371,2019,244,0.143085101130983,0.993209492684714
371,2019,245,0.980175824446292,-2.0329599856087
371,2019,246,1.05012480520736,-2.952625542406
371,2019,247,0.142255470335661,-1.38911082519043
371,2019,248,0.877661425113292,-0.727687219432708
371,2019,249,0.26646993830311,3.05759141201513
371,2019,250,0.259893267196415,-0.671710679171889
371,2019,251,3.25994581461916,-0.458696037521316
371,2019,252,1.40570950957487,3.04266040853128
371,2019,253,0.594679356064917,-1.07937629392013
371,2019,254,0.805240005470656,0.446733692186613
371,2019,255,0.809057120262413,-2.78306713603573
371,2019,256,1.08408324233375,2.49662315037651
371,2019,257,1.28857578592235,-0.674484007808227
371,2019,258,1.28738805875248,1.0953999832459
371,2019,259,0.0706065360900104,-1.49573634790688
371,2019,260,1.11668392325491,1.35332236265235
371,2019,261,1.0048740548547,-1.56591059340163
371,2019,262,0.275005879560249,-0.0543048686216423
371,2019,263,0.954054445747773,-2.70264407362275
371,2019,264,1.05464696537574,-0.796326205006483
371,2019,265,0.985230717541225,1.37789219321555
371,2019,266,0.928967474998018,-0.291060853521136
371,2019,267,1.25463730002963,-0.602982732857917
371,2019,268,0.394555019981101,0.624117626169904
371,2019,269,0.605914010720172,2.05050883250398
371,2019,270,0.534689889671098,0.557754690520095
371,2019,271,1.56037394176619,1.63353920119788
371,2019,272,0.84184039035455,0.676944598844254
371,2019,273,0.389308166496448,1.32864712613383
371,2019,274,0.396883516579864,-2.64181893581545
371,2019,275,1.00742120453965,-2.46576416641475
371,2019,276,0.649979440302002,1.95585017414142
371,2019,277,2.71796743736771,0.0231882085939438
371,2019,278,0.923947981841408,2.91424378444921
371,2019,279,1.44980975216086,0.793890178549292
371,2019,280,1.19914799012728,-2.32863705852584
371,2019,281,0.332659371302385,0.943368143994354
371,2019,282,0.191471535316494,0.832100775778834
371,2019,283,0.18262866665067,2.98455803240073
371,2019,284,0.345179813963644,0.0668113382122982
371,2019,285,0.91562631836014,-0.463565928696234
371,2019,286,1.91481013724777,-2.93144689038099
371,2019,287,0.112859587766978,-0.032014076190217
371,2019,288,1.5186046693732,-2.57476899852163
371,2019,289,1.92494282099158,-3.0180148863506
371,2019,290,0.711568782662978,3.10301601465352
371,2019,291,1.87147732512626,-1.41565586989434
371,2019,292,0.323161322985376,0.873206836405638
371,2019,293,1.36964888042947,-2.76456291904983
371,2019,294,0.391793838621662,-0.461594800014832
371,2019,295,1.63266502541468,-1.30348681665287
371,2019,296,1.87522515679291,0.670925107110038
371,2019,297,2.04463241544716,0.324681266476851
371,2019,298,0.967585294369498,2.93904797424853
371,2019,299,2.08999366831888,3.02589600713462
371,2019,300,0.780293190017683,-0.796365241436251
371,2019,301,0.582129818872087,-2.18993112181644
371,2019,302,1.30331606920595,0.499819824035004
371,2019,303,1.94800856470941,1.79462460463643
371,2019,304,3.49206446848616,-1.20435015537092
371,2019,305,0.483272261239141,3.01414414095488
371,2019,306,5.7998533482976,-2.45244859158528
371,2019,307,17.8369154482874,0.190763065727066
371,2019,308,13.3773912101401,0.169902235447123
371,2019,309,32.7818320357989,0.275571915828445
371,2019,310,1.13849788503005,-0.313834548983232
371,2019,311,0.533931198569601,2.27148896103132
371,2019,312,14.2229633843644,-1.30389595022462
371,2019,313,4.16219672739871,-0.289934846916777
371,2019,314,11.7847985564831,-0.143417445480358
371,2019,315,1.97564945357145,0.719585206914119
371,2019,316,6.95348837845003,-0.726402624221851
371,2019,317,0.468598834845995,-2.45505938910271
371,2019,318,18.3550005119733,2.7369555170049
371,2019,319,2.96360449110914,0.41881038385237
371,2019,320,23.2651625541249,-0.566129317974809
371,2019,321,23.031434160412,0.428937213364732
371,2019,322,7.41233679975339,-0.392698934768775
371,2019,323,7.45938840635244,0.21935776225204
371,2019,324,3.09241951050774,0.198280026816594
371,2019,325,9.07609579824953,-0.585809013982646
371,2019,326,1.07120504947557,-3.01233023607
371,2019,327,0.19018514232597,-2.52726601798643
371,2019,328,0.3003852129728,-2.72905100949203
371,2019,329,0.608493837540356,1.75520392123725
371,2019,330,0.252142975204472,0.313503164185739
371,2019,331,0.793294471759013,2.90112623325569
371,2019,332,0.937395876028016,-2.74142524726536
371,2019,333,0.938965789745215,-2.97533046972311
371,2019,334,0.22119459809579,-2.03029306488778
371,2019,335,0.35174718346003,2.46248717255587
371,2019,336,1.44693574923202,2.60872914670395
371,2019,337,1.15128672396545,3.1106006174649
371,2019,338,0.16616532551362,0.778003063932048
371,2019,339,2.35699743504045,2.29661688174255
371,2019,340,1.12280267750876,-3.06802034370467
371,2019,341,0.421112312145489,-2.64212445484442
371,2019,342,1.82708145471085,2.78596385731056
371,2019,343,0.835643457132634,-3.07349425297387
371,2019,344,0.145299884935229,2.37142946477027
371,2019,345,0.361737281466605,-2.81884836375732
371,2019,346,0.384210151829223,0.102974899644057
371,2019,347,0.722186768171747,3.08709645148978
371,2019,348,0.110206258010642,2.53945549890291
371,2019,349,0.228846716548039,-2.66155840242371
371,2019,350,0.13115619636683,2.55120996441323
371,2019,351,0.706504924769008,3.11462485871357
371,2019,352,1.36320376556112,-2.51798419542568
371,2019,353,0.57075681107309,2.8520338735082
371,2019,354,0.583495879493528,0.912873879080459
371,2019,355,0.595365470199296,1.95214422583479
371,2019,356,1.10989860182201,-2.38936620377395
371,2019,357,1.58596268596694,-2.83460257308995
371,2019,358,0.0631845319238222,-1.00331234442997
371,2019,359,0.534776537748979,1.59030314337584
371,2019,360,0.728199875598575,2.60580824479579
371,2019,361,0.34375933125916,2.62302105370124
371,2019,362,0.739129511904036,2.53017292788734
371,2019,363,0.866482315715039,2.06771613535632
371,2019,364,0.51682322131255,2.61623499669834
371,2019,365,0.163265655985163,0.214692015233458
371,2019,366,1.39428736706434,-1.54673573877511
371,2020,2,0.807038796743057,NA
371,2020,3,0.531121427028124,-2.33821056419682
371,2020,4,0.129930294441507,-2.11661012640789
371,2020,5,1.10856918793947,2.29060026447661
371,2020,6,0.840460739241159,2.70104582656942
371,2020,7,0.941203257502479,1.29685018291213
371,2020,8,0.936741970929828,-2.97722100124926
371,2020,9,0.241033522681727,-1.18086866752431
371,2020,10,0.0438851235699687,-1.77423324919454
371,2020,11,0.0488708392008335,2.35399853494795
371,2020,12,1.34983068272376,-2.7203016774682
371,2020,13,1.25271869235394,2.61053804730095
371,2020,14,0.792053841643608,1.98899889243482
371,2020,15,0.503171545190988,-2.66550888625228
371,2020,16,0.762121542331689,2.11399850747316
371,2020,17,0.960433195587092,2.65103498538218
371,2020,18,0.912635019426138,-1.96876307576308
371,2020,19,1.45548901211892,-2.90008074058582
371,2020,20,0.276130885422076,2.72182505618292
371,2020,21,0.387818889391581,0.424780327410173
371,2020,22,0.0286914209569861,2.76165897194536
371,2020,23,0.225016753900046,-1.98239241510646
371,2020,24,0.374831299494989,-3.0635353419188
371,2020,25,0.122765192326539,2.82847574049936
371,2020,26,0.12629094378184,0.181767962212711
371,2020,27,0.184301567535289,-3.02821324485074
371,2020,28,0.196153898750884,-2.60098416747786
371,2020,29,0.0920684001157055,-2.94930120675753
371,2020,30,0.15462302163351,-2.09104624617101
371,2020,31,0.172901831670439,2.639392485065
371,2020,32,0.446567602037169,-1.94171753393119
371,2020,33,1.42463646347632,-2.60279188488741
371,2020,34,1.01263006714627,-2.97528241224124
371,2020,35,0.133999090808639,1.48714253610816
371,2020,36,0.367483116568464,-2.27113470557981
371,2020,37,0.986834246386201,-2.1821713542325
371,2020,38,0.825036237097044,-3.01949872673581
371,2020,39,0.87280200261507,-2.93581407661088
371,2020,40,0.829818517598209,-2.84571965298313
371,2020,41,0.114383108234917,3.13705660891041
371,2020,42,0.418127278836999,2.43346296215601
371,2020,43,0.0474335112675252,-2.27450473296327
371,2020,44,0.363007290067389,-1.21335553666358
371,2020,45,0.7504660400297,2.81285931559192
371,2020,46,0.286633043719597,2.4906074943418
371,2020,47,0.399288442550954,2.22192225326796
371,2020,48,0.619873866549741,-2.03202767913246
371,2020,49,0.245890272000378,-1.57730708039224
371,2020,50,0.505545264890852,2.06499977630632
371,2020,51,0.622400547536205,2.76493687199519
371,2020,52,0.154838240135456,-3.01604849922342
371,2020,53,0.219322918553563,-2.89312224944571
371,2020,54,0.0572327973898748,3.08047420917233
371,2020,55,0.132949400505962,1.15063620448672
371,2020,56,0.147645748932672,3.0379718615525
371,2020,57,0.188656704703834,-1.11991979907087
371,2020,58,0.135507427732827,1.06214115141111
371,2020,59,0.327734560717484,2.58281503133396
371,2020,60,0.148969011980201,-3.02740928382283
371,2020,61,0.150676444025143,-0.807367917591968
371,2020,62,0.183705528972756,2.8144145033279
371,2020,63,0.273369944565534,2.09186468982024
371,2020,64,0.212457604640136,-2.17766426763494
371,2020,65,0.0557276589949781,-0.243909349183369
371,2020,66,0.22074322062736,-2.13383434762603
371,2020,67,0.0759378004190451,2.80715463679084
371,2020,68,0.353521050411994,2.62821410378657
371,2020,69,0.215350498846046,3.1303769501164
371,2020,70,0.38887757751758,0.93032139108015
371,2020,71,0.189496588169948,0.691981569717409
371,2020,72,0.395127629871346,2.75961925287943
371,2020,73,0.0491796192349143,1.90413593786025
371,2020,74,0.423279007308103,-1.97853493762278
371,2020,75,0.159636611884291,2.99013013458052
371,2020,76,0.266692215676033,2.07213649190412
371,2020,77,0.339538253883093,-2.82432666197927
371,2020,78,0.0389607898615337,-0.482587712606795
371,2020,79,0.268462378778643,-2.53477526354687
371,2020,80,0.20722217883421,-2.66354857847927
371,2020,81,0.0344680592398191,0.875160059708476
371,2020,82,0.343623712727468,2.84346590293018
371,2020,83,0.304194167732369,-2.35148139894685
371,2020,84,0.41355248579155,3.12917988440071
371,2020,85,0.592108279715683,2.24148726299729
371,2020,86,0.687320822071132,3.0041375625774
371,2020,87,0.528677485533948,-3.12508058845492
371,2020,88,0.170446470103244,0.402438996114817
371,2020,89,0.402112709710528,1.52561047719903
371,2020,90,0.458690965120398,2.76781525010315
371,2020,91,0.523381931175687,-2.05492778143706
371,2020,92,0.181440869886191,1.7030029100499
371,2020,93,0.106639370611585,-2.53124265607275
371,2020,94,7.48152511291809,1.36187111985748
371,2020,95,7.57030500122396,-0.19344029515975
371,2020,96,0.68445113713209,1.08997512181663
371,2020,97,2.38687410925509,-0.882140383985055
371,2020,98,3.71802635668286,-0.434697613328209
371,2020,99,8.41495290046057,0.642340630915469
371,2020,100,15.3295180495015,0.141333278756551
371,2020,101,13.7123461859812,-0.69010739766007
371,2020,102,11.3798341888454,0.504761481181296
371,2020,103,21.3189304927096,-0.136482806761223
371,2020,104,4.03475386041302,0.0987625932370495
371,2020,105,6.53819502368533,-0.468601105145959
371,2020,106,18.9363252317272,0.213858221351836
371,2020,107,10.0056792645406,0.176074893101053
371,2020,108,47.8030733069928,-0.614211290872599
371,2020,109,25.6437012801219,-0.204761313561804
371,2020,110,1.96854847423044,-0.442981916809605
371,2020,111,0.0526628995029936,-2.87787054014824
371,2020,112,3.15257612905543,-1.8462245674276
371,2020,113,2.55346603570696,-2.79711044589426
371,2020,114,0.243563494399097,1.56663448179543
371,2020,115,0.341360676844642,1.91164927258968
371,2020,116,0.1389763418915,3.11833422113833
371,2020,117,0.103392028206331,-2.64619608980307
371,2020,118,1.61809945707537,-2.87456701794776
371,2020,119,0.935613554774414,2.8600850991008
371,2020,120,0.159187736708578,1.4836737411802
371,2020,121,0.339066981420638,-0.0296330359628332
371,2020,122,0.608694966483702,-1.29828198283281
371,2020,123,0.185003475757138,-2.91914610501197
371,2020,124,0.590752104954169,0.435483163192613
371,2020,125,0.396964876599123,-2.29101492036143
371,2020,126,0.219894751319617,3.05520342491838
371,2020,127,0.131190008715762,-1.34146813442072
371,2020,128,0.3771804032873,-1.20262153662292
371,2020,129,0.552136340739748,-3.07988789798152
371,2020,130,0.687674978122207,-0.071045518642463
371,2020,131,0.679935573887591,2.81832697009971
371,2020,132,0.356290384289722,1.00096626820095
371,2020,133,1.24144887469084,0.373063529462831
371,2020,134,1.0966804075272,-2.90102049604578
371,2020,135,0.781513313324223,0.356310869125568
371,2020,136,0.723968051095036,-2.35948778449368
371,2020,137,0.474522038956039,-2.49812691299009
371,2020,138,0.424910852263471,-2.54105093391215
371,2020,139,0.0645411889455746,-2.12990603884468
371,2020,140,0.586865297475704,0.237092228798603
371,2020,141,0.175685621001009,1.95193281909251
371,2020,142,0.563364017946758,2.70681521411535
371,2020,143,0.571724648361412,-1.38865875200489
371,2020,144,0.676703025285128,2.68729210585927
371,2020,145,0.683832003664289,2.62247560174086
371,2020,146,0.433172737898436,-1.70658979008988
371,2020,147,0.527002205655867,-2.88882283180798
371,2020,148,0.361796645678007,2.13231394183421
371,2020,149,0.519941480834898,1.82597079810758
371,2020,150,0.170826179197994,1.27304915323382
371,2020,151,0.490222014647621,3.04025421104084
371,2020,152,0.90862618833808,2.98888280951889
371,2020,153,0.51822044096552,2.86839902311086
371,2020,154,0.742496970014733,2.63743407059367
371,2020,155,0.654810687969141,1.99822096331143
371,2020,156,1.1113280086904,1.97607398478631
371,2020,157,0.463255826821026,2.80736308943006
371,2020,158,0.729734685340338,-0.139939446184692
371,2020,159,1.81720131492164,2.77932901443152
371,2020,160,1.44535895899451,2.78930493446
371,2020,161,0.562934986066521,2.42763870158536
371,2020,162,0.581239433068055,3.12469044952816
371,2020,163,0.593948675515495,-1.99961715455285
371,2020,164,2.15518839954272,-1.84869707072046
371,2020,165,1.67228168671652,2.68346152813583
371,2020,166,1.39957377713809,1.88479905864281
371,2020,167,0.283015341211909,2.75061900060552
371,2020,168,0.742652014004994,0.483584649829398
371,2020,169,0.299611256172224,-1.52761944369583
371,2020,170,1.18582077098433,2.9798968407785
371,2020,171,1.37436504129874,2.76791422149627
371,2020,172,0.564202264975499,2.45820805255011
371,2020,173,0.344793557990042,-0.0613662094113021
371,2020,174,0.581048749053036,1.57740182753955
371,2020,175,0.534574685030962,1.20829521983423
371,2020,176,0.707439773066931,0.778473364725173
371,2020,177,0.513557798049491,-1.9430005699037
371,2020,178,1.18512695079265,-1.67081725327719
371,2020,179,0.739096143335562,2.91410813259076
371,2020,180,1.38780154566166,2.34273598210879
371,2020,181,0.438450544996601,-0.600159488012575
371,2020,182,1.22334485022694,-1.75427873249476
371,2020,183,0.661669646063237,-2.61561083265209
371,2020,184,1.51859429996157,0.719488746798679
371,2020,185,1.03315091390869,2.69043350221587
371,2020,186,0.46708905744781,-0.747611043011583
371,2020,187,0.416694818037239,3.0216785835667
371,2020,188,0.729628428830125,1.02205765474416
371,2020,189,0.888073006503876,2.62274580456241
371,2020,190,0.943765118735103,2.82179951333158
371,2020,191,0.607059306577663,-2.21820177746126
371,2020,192,0.653229886582675,0.83806706290056
371,2020,193,0.219775485636071,2.86900598169962
371,2020,194,0.458623325872985,1.73302705971716
371,2020,195,0.734220434601857,-2.1307059184927
371,2020,196,0.412482570788354,1.80874821726871
371,2020,197,0.407725208920784,1.93758959839275
371,2020,198,0.455299281816419,1.33453945155134
371,2020,199,0.0482656797691108,-1.12300571803502
371,2020,200,0.55721286813975,-2.6540761550926
371,2020,201,0.130216710536949,0.178086261831269
371,2020,202,1.19497744248577,2.99513454488175
371,2020,203,0.700551495185737,-2.86861921444463
371,2020,204,0.756971956289574,-1.15385672710399
371,2020,205,0.132105927095785,-2.81190531059441
371,2020,206,0.693373323492619,0.812010936625301
371,2020,207,1.18992322482097,-2.88157079320406
371,2020,208,0.0811956722946013,-1.36104846433807
371,2020,209,0.600014465510329,-1.70704612008046
371,2020,210,0.661184034035473,-1.62732937552541
371,2020,211,0.723597168157881,-3.05562790404793
371,2020,212,0.407268315247886,1.96124694112653
371,2020,213,0.86041900096411,-1.24320886858404
371,2020,214,1.0902599263085,-2.98041613029195
371,2020,215,0.230117529123542,1.17138928005483
371,2020,216,0.607615209641082,1.99642118604917
371,2020,217,0.0648724262484737,3.10476585639113
371,2020,218,0.0915140783857172,1.93505761959476
371,2020,219,0.876455507075359,-1.42644439961142
371,2020,220,0.0299380402242803,-0.111882187183001
371,2020,221,0.0512363879970895,-1.86177652147592
371,2020,222,0.145802552772699,-2.96195863737081
371,2020,223,0.951614330908276,-3.04890213584262
371,2020,224,0.238579140497743,-2.72459962406293
371,2020,225,0.412029829601779,0.437549623411091
371,2020,226,0.0706759257062798,-0.115660976877218
371,2020,227,0.331548905959614,-2.39792953805694
371,2020,228,1.04544336767342,-1.85970709442343
371,2020,229,0.212530348922883,-2.62190889466547
371,2020,230,1.28263105060842,-0.544753700831261
371,2020,231,0.224834245683354,2.90069533845848
371,2020,232,0.203189000012705,2.49972587119636
371,2020,233,0.0794627971461519,2.92263691538765
371,2020,234,0.431084259073876,1.39578720237458
371,2020,235,1.40668200365921,3.0856395381183
371,2020,236,0.185207102756887,-2.56078009891909
371,2020,237,0.611959813092152,1.49936466344246
371,2020,238,1.58456253215942,-2.18693713930788
371,2020,239,0.742046875857823,-2.77535620080599
371,2020,240,0.912633237108371,1.9784273387273
371,2020,241,0.501939377436868,-3.0260262823474
371,2020,242,0.493919468153803,-2.11751217946651
371,2020,243,0.56836802982951,3.01080742918939
371,2020,244,0.98400228761291,-0.376968599502378
371,2020,245,0.59908369838751,-2.70503756514392
371,2020,246,0.179998656679521,-0.597090287395534
371,2020,247,1.15525758471003,-0.0732254266271912
371,2020,248,0.324091342246536,1.66216140232786
371,2020,249,0.891660478809759,2.06080099915231
371,2020,250,1.03493115514231,0.109953538209373
371,2020,251,2.22519683671362,2.78830697140236
371,2020,253,0.370698503865255,NA
371,2020,254,0.222220099127061,-2.38897602600285
371,2020,255,1.19370038009765,-1.9088824446356
371,2020,256,0.875277421181936,0.178415174369081
371,2020,257,1.54759936780396,-0.57127503603066
371,2020,258,2.82412423053034,-2.72486310136895
371,2020,259,0.834372875208317,2.23743752015757
371,2020,260,0.766007768313102,0.214880202429167
371,2020,261,1.02679009819794,-2.91132782251132
371,2020,262,1.0960663564375,1.67447776881023
371,2020,263,1.376182354769,-2.46012366797179
371,2020,264,0.052176034474618,0.201226280530101
371,2020,265,0.275304458091286,-1.45661710961859
371,2020,266,0.815686070358541,-2.0135540901164
371,2020,267,1.3912058806868,-2.00828931147128
371,2020,268,1.04999676025068,2.88877656401526
371,2020,269,0.713833368000928,-0.500930903092533
371,2020,270,1.2978588270782,3.07332099572502
371,2020,271,0.761769101870433,-1.85246047257739
371,2020,272,0.963501194883947,-1.73892106371071
371,2020,273,0.332962461215552,-2.39735981828989
371,2020,274,0.516423136327346,2.63273776374128
371,2020,275,1.52835924002533,1.83240872915766
371,2020,276,1.09087400663966,-0.145545932562582
371,2020,277,0.609532558382442,2.7906264266936
371,2020,278,0.429872586318451,-1.78985570243039
371,2020,279,0.583158181419818,-2.8842461294877
371,2020,280,0.607458762001133,-2.93597825841943
371,2020,281,0.321455842043516,-1.67184694058504
371,2020,282,1.74645846079423,1.89291340187902
371,2020,283,0.577660803500157,-1.18358536644817
371,2020,284,0.307140248587774,1.94200040516838
371,2020,285,7.3728854980589,-1.56982886106561
371,2020,286,1.075445794253,-0.0585117692249879
371,2020,287,11.3519678693308,0.0505806553313215
371,2020,288,17.5201132976541,0.18721015848351
371,2020,289,10.6194501539965,-0.0067083584120553
371,2020,290,23.5217967779997,0.30552649833173
371,2020,291,2.30125066182562,-0.0151136375242302
371,2020,292,1.3950628305125,0.974620385818167
371,2020,293,1.81161122145241,3.10585323849264
371,2020,294,1.76362961330566,2.84317620433576
371,2020,295,0.312460689928917,2.97299324511382
371,2020,296,2.4623418115393,-2.78594044209166
371,2020,297,7.58008209996362,-0.214748627698301
371,2020,298,7.29789932751811,-0.291049648684803
371,2020,299,7.01918038997328,-0.0976997381686395
371,2020,302,2.13986477670271,NA
371,2020,303,0.422270477520455,-0.281221538608035
371,2020,304,1.18438516971224,0.426195537070745
371,2020,305,7.0557331528178,-0.319578778042537
371,2020,306,7.49605099076765,0.0411605783866316
371,2020,307,4.09848771066948,0.633263449195522
371,2020,308,5.52898872106316,-0.641917561587816
371,2020,309,5.69397831838144,0.0819191306474765
371,2020,310,6.12619548910389,0.186654277698589
371,2020,311,7.77514695580462,-0.617695054857611
371,2020,312,13.6198998986241,0.685834276873321
371,2020,313,10.3066506184324,0.0910254740819614
371,2020,314,10.8540566447181,-0.298465967433438
371,2020,315,5.74960915515486,-0.14387373368865
371,2020,318,0.1657001010725,NA
371,2020,319,0.355195699378552,0.342281571232594
371,2020,320,0.782246189313581,-1.63991791281204
371,2020,321,0.896711040129791,3.10212582898497
371,2020,322,0.806814047963732,1.60752053689707
371,2020,325,0.823820695458325,NA
371,2020,326,1.22072624765056,3.04263755142942
371,2020,327,0.251271749505856,-1.24663660317968
371,2020,328,0.52379946000145,-2.11042372669489
371,2020,329,0.497310257746752,-0.986736197655183
371,2020,330,0.716452697941793,-2.64344218616201
371,2020,331,0.769396226307633,3.10690474259773
371,2020,332,0.067549858042372,0.296472517262631
371,2020,333,0.913930081820585,2.87525820707639
371,2020,334,0.165371232085969,3.06770591024411
371,2020,335,0.0118318419450713,-1.26276481253549
371,2020,336,0.18815699832956,2.20215957821557
371,2020,337,0.700609968326504,1.83237461002528
371,2020,338,0.672449210229702,3.00473610893395
371,2020,339,0.645189069228013,1.76141009904649
371,2020,340,0.686252479457586,-1.89639765650336
371,2020,341,0.573317655794795,-2.43126076365541
371,2020,342,0.318385426391781,2.59538176141829
371,2020,343,0.506752354136779,2.08671072552887
371,2020,344,0.966157277215842,2.24289435732872
371,2020,345,0.579350118287529,3.01782527212253
371,2020,346,0.375966579124528,-1.06942953620448
371,2020,347,0.0590203552302568,-0.780064215339024
371,2020,348,0.715292507985835,-1.70494848443473
371,2020,349,0.470764167371803,-3.13528788474308
371,2020,350,0.208662550237791,0.0650505254769582
371,2020,351,0.225450444205928,-3.13474909556414
371,2020,352,0.947987660179094,-0.979222156527079
371,2020,353,1.46077211669937,-2.80992904720464
371,2020,354,0.585113106603318,-2.6788164811145
371,2020,355,0.0790005270139472,0.627897764523478
371,2020,356,0.749338060681685,2.80695443470078
371,2020,357,0.0654990207558661,-2.26866185045699
371,2020,358,0.0278511804494574,2.84743335820892
371,2020,359,0.149178584015497,-2.94831413018685
371,2020,360,0.0496480277133545,1.66268685773894
371,2020,361,0.0317752778766036,-2.97167213002524
371,2020,362,0.658988003214084,-0.635968729642653
371,2020,363,0.137737446234966,-1.67013550999509
371,2020,364,1e-04,NA
371,2020,365,0.139668097131072,NA
451,2020,2,0.157702236393314,NA
451,2020,3,0.0682737655540521,1.46115066068205
451,2020,4,0.0748216497488517,2.57625960571644
451,2020,5,0.0650942538902771,2.89813091431126
451,2020,6,0.155220605769187,-2.36008208176921
451,2020,7,0.0812094845523612,-2.73030470562816
451,2020,8,0.162731122461544,-1.80289121334812
451,2020,9,0.164966493201096,1.38280834069351
451,2020,10,0.151206660151083,1.53373829097513
451,2020,11,0.0517307859727359,2.59793317879116
451,2020,12,0.155092257834975,-1.15318864551326
451,2020,13,0.448764984984376,-0.493752527771724
451,2020,14,0.219272167646483,0.758050198949589
451,2020,15,0.0217482718013778,-1.56583190918747
451,2020,16,0.0502998645872624,-2.17029496833359
451,2020,17,0.134649341015157,0.954662441777277
451,2020,18,0.125848446296631,2.96911757744323
451,2020,19,0.0257714339129446,1.22626345487627
451,2020,20,0.101950764336484,2.13387280346413
451,2020,21,0.0748228115297405,1.68620822313439
451,2020,22,0.111059855428099,1.78011894386767
451,2020,23,0.679738208373425,1.93852138665317
451,2020,24,0.53081919658717,2.97188349267539
451,2020,25,0.0709615139783186,1.72375841020398
451,2020,26,0.170092479338783,-1.38740320884809
451,2020,27,0.0834858072803421,2.83534794526023
451,2020,28,0.170565281668182,0.845699992604109
451,2020,29,0.143467922148435,2.6221345072412
451,2020,30,0.0728962924246485,-3.02127069116618
451,2020,31,0.0921701218318495,2.71029377326947
451,2020,32,0.71568567333768,2.91066866185687
451,2020,33,0.611368522099041,3.06010079656008
451,2020,34,0.0936741616228089,1.09195240945028
451,2020,35,0.142474622222139,-0.288212846210707
451,2020,36,0.249138622071353,2.8990366453742
451,2020,37,0.553274369644491,-0.524215976896299
451,2020,38,0.228380956498989,2.56257300564242
451,2020,39,0.317927278319481,-2.60033572262617
451,2020,40,0.289779508538909,-2.88275065010015
451,2020,41,0.279729996764774,2.19551655825756
451,2020,42,0.387847806434789,2.60402502681331
451,2020,43,0.123884107730095,-2.78564268545128
451,2020,44,0.175948284280037,-1.53588310217797
451,2020,45,0.0999540041424895,-2.23774592577913
451,2020,46,0.295038358466674,-1.44623248329507
451,2020,47,0.204394779935154,-2.76137402063633
451,2020,48,0.126162380612413,-2.95987953131879
451,2020,49,0.309070158784915,3.07203594534126
451,2020,50,0.487996603083119,-0.601049387572598
451,2020,51,0.528653083969571,3.140370321108
451,2020,52,0.232026219994588,0.779387254840154
451,2020,53,0.150692250866012,1.93823880381184
451,2020,54,0.352435834089379,-1.11533146939659
451,2020,55,0.495177372073574,-3.05599404786276
451,2020,56,6.77500647175907,-2.47343970889723
451,2020,57,6.73927666689569,-3.12912736895951
451,2020,58,0.163185801241506,0.840201621829324
451,2020,59,0.0268050972936625,-0.508946687860044
451,2020,60,0.295323542243939,-2.58240711997738
451,2020,61,0.0579978110732558,-3.08093479598574
451,2020,62,0.0748220580660449,-3.12494338645095
451,2020,63,0.423458801440069,3.13563279538789
451,2020,64,0.281755440174907,-1.65840126700777
451,2020,65,0.913940320406578,-1.76929531303482
451,2020,66,0.63362490187661,-2.63435078129798
451,2020,67,0.540819494438019,3.04316083693701
451,2020,68,0.0756038609599419,0.543136596117562
451,2020,69,0.129085875987409,0.638470412025124
451,2020,70,0.857574702069778,1.98558317350019
451,2020,71,0.116185911422195,-1.56489408550796
451,2020,72,0.373903331637972,-2.34743602882098
451,2020,73,0.595279389848095,1.07518750899773
451,2020,74,0.63923871648356,2.92897512209708
451,2020,75,0.183753784670357,-3.10102484120134
451,2020,76,0.173681477196715,-1.67094576540314
451,2020,77,0.123951208936631,0.168587081889952
451,2020,78,0.306856780857231,-2.62965845784222
451,2020,79,0.195701366289928,-2.70908501207984
451,2020,80,0.0215815107296563,2.03096815220592
451,2020,81,0.646120705104215,-1.52060289165665
451,2020,82,0.712383752574457,-3.05766563378584
451,2020,83,0.301547813340009,0.0604485522928161
451,2020,84,0.43417812751819,-2.97066621790541
451,2020,85,0.380991439619074,-0.292833224397469
451,2020,86,0.40639695578588,3.08404874071014
451,2020,87,0.328756075117156,-2.84615747153404
451,2020,88,0.15010366760688,-2.77706209269214
451,2020,89,0.277641930251891,2.73873137248249
451,2020,90,0.876353855713278,-3.09408875289384
451,2020,91,0.186415687244127,-2.01200676422499
451,2020,92,0.287478261950205,2.56038184882191
451,2020,93,0.335412829575198,-3.07006877791215
451,2020,94,0.123811037357783,2.90874627710818
451,2020,95,0.257659506717083,0.477730481501767
451,2020,96,0.329360890176982,2.56737584899022
451,2020,97,0.315318136876939,3.04841075902507
451,2020,98,0.0334424931396341,2.00358384138007
451,2020,99,0.335179923300393,1.87825400020327
451,2020,100,0.115145932099055,-2.85354459338234
451,2020,101,0.108290799585149,2.55346098450077
451,2020,102,0.716352399314097,-0.911717702642046
451,2020,103,0.395793321845482,-2.77613290241626
451,2020,104,0.371758032530408,-0.620154183405002
451,2020,105,0.107387747363013,3.14115995400221
451,2020,106,0.0111060061946876,-1.74753614414233
451,2020,107,0.0210268054943916,0.884313311055988
451,2020,108,0.175010768887257,3.02846891630747
451,2020,109,0.177033295370711,1.78660437395903
451,2020,110,0.105999875716072,2.0812096334996
451,2020,111,0.519683411917528,2.59471778105187
451,2020,112,0.755359462206019,-2.90879749810965
451,2020,113,0.0936035688817008,-1.35799292775419
451,2020,114,0.115725370152135,3.0313153712825
451,2020,115,0.332287642359794,1.47924687718635
451,2020,116,0.269191000318398,0.0182215791380234
451,2020,117,0.140389298892355,0.533260250882106
451,2020,118,7.47420683968201,-1.47220920574924
451,2020,119,7.71220185436596,0.846072013016906
451,2020,120,10.7100030514336,-0.568636596441491
451,2020,121,0.144410028114468,2.12394319167595
451,2020,122,0.190876760740612,-2.97654180359403
451,2020,123,0.421579884995665,2.30386564837416
451,2020,124,0.204041952780956,2.75041821899382
451,2020,125,0.197856182319496,-3.03323760137929
451,2020,126,0.303360412259719,3.09780743184794
451,2020,127,0.153393651538466,1.02872720864441
451,2020,128,0.424586318683131,2.40768859983024
451,2020,129,0.450654844859296,-3.02087138347406
451,2020,130,0.696496711235115,-2.81980065948001
451,2020,131,0.661145326343414,-3.13981960675166
451,2020,132,0.811273458326595,0.618143224878878
451,2020,133,1.60015336444572,0.0291388117271616
451,2020,134,6.51739203453694,0.414799259242141
451,2020,135,16.7397196528666,0.699855185011849
451,2020,136,3.98990810848348,0.253704042144537
451,2020,137,8.96638340979953,-0.769221747463472
451,2020,138,0.981351461883118,0.504035254887815
451,2020,139,3.87375350564876,-0.0557714561090226
451,2020,140,0.541363807976952,-0.212676867093593
451,2020,141,6.69397607305734,-0.166709163573721
451,2020,142,1.18634415343458,0.281951585052949
451,2020,143,0.306760260078102,0.558303146068186
451,2020,144,1.75471238300973,-0.107483794360342
451,2020,145,0.0506474762139476,-1.47666521821477
451,2020,146,10.9339871399877,0.672533273180713
451,2020,147,6.57882671160692,0.421011818848181
451,2020,148,9.32772481470454,0.247817661794836
451,2020,149,0.972268385073156,2.12686428803712
451,2020,150,0.982361135409406,-2.98814749426588
451,2020,151,0.120516636473143,-0.66277692582214
451,2020,152,0.196853016559062,2.32486009186142
451,2020,153,0.0105823275834596,-2.86637551251062
451,2020,154,0.151747470130826,-1.47070676440048
451,2020,155,0.18480995310131,1.26379650258333
451,2020,156,0.748623796652485,0.942081267529689
451,2020,157,0.334239052306302,2.30549150001319
451,2020,158,0.311966121198276,1.94648888745401
451,2020,159,0.264789572095767,-1.79672090380402
451,2020,160,0.202686342148018,0.59489678962039
451,2020,161,0.377541025010257,-2.76475502247365
451,2020,162,0.0638243520246916,2.61384586064469
451,2020,163,0.30196272146918,0.877880331710101
451,2020,164,0.724865407264751,1.92737068134185
451,2020,165,0.472122127376929,0.0775772609594183
451,2020,166,0.122608392949882,-2.14433787982461
451,2020,167,0.814888171816796,-1.21557377476772
451,2020,168,1.05475739755613,3.0290118971078
451,2020,169,0.937049304802017,1.7280554345622
451,2020,170,0.207531714600284,-1.59401127829326
451,2020,171,2.52306691108819,1.66132193740052
451,2020,172,1.77486390619305,-0.224607131898464
451,2020,173,0.238941912019334,-0.618516040085554
451,2020,174,3.80809766242126,0.714576238354272
451,2020,175,48.6522177212,-0.483807485414598
451,2020,176,18.6749085660416,-0.2015626077122
451,2020,177,1.40062572391688,-0.69657747665002
451,2020,178,1.61423110179613,-0.815532351119522
451,2020,179,0.0682556544895112,-1.50118162844828
451,2020,180,0.842342666438414,1.0648949528196
451,2020,181,0.897817090945113,3.04860163334735
451,2020,182,1.11265513972139,1.79096287683336
451,2020,183,0.774384824575264,1.3098750880418
451,2020,184,0.847481388809603,-0.085889903448237
451,2020,185,0.608305055962891,-0.00719680137635503
451,2020,186,0.355398237968267,-0.960315284121014
451,2020,187,0.576453625999359,-2.31604774201499
451,2020,188,0.362193509501933,0.57898437031154
451,2020,189,0.686376210463378,-2.85197794907181
451,2020,190,0.462424192867565,-1.36488373483344
451,2020,191,0.222790565848505,0.309894403178412
451,2020,192,0.435564578092754,-0.206265639061153
451,2020,193,0.407019887598842,-1.99006168480822
451,2020,194,0.280001516123235,-2.68156704199056
451,2020,195,0.503714250543142,1.313171849784
451,2020,196,0.510852665219726,1.57617607485541
451,2020,197,1.03847265640558,1.70051090590336
451,2020,198,0.87115861639579,0.984156090805326
451,2020,199,0.893992590452416,2.74741216811467
451,2020,200,0.419612335097607,2.83623358779262
451,2020,201,0.309096490658331,1.52136860943466
451,2020,202,0.675201212037832,-2.05862681296362
451,2020,203,1.07184212876707,-2.61043875728591
451,2020,204,0.571117911025775,-0.924776214745598
451,2020,205,0.101166421379234,2.47347824631073
451,2020,206,1.1565593614928,2.71353641345125
451,2020,207,1.56939312222322,3.10548821261851
451,2020,208,0.686816462361928,1.46375134752437
451,2020,209,0.779173007652392,2.86857057112235
451,2020,210,0.781324672337351,1.7705902322605
451,2020,211,0.510538256754849,2.79508135999212
451,2020,212,1.04485714694808,1.26491893557394
451,2020,213,0.346418874051555,2.44384266913397
451,2020,214,0.941447156097495,1.57339522478013
451,2020,215,0.773393413119816,-0.154148171692366
451,2020,216,0.971659238449258,-2.94968896092085
451,2020,217,0.199456917269935,1.31329502769437
451,2020,218,0.265711660132979,-1.34868453668119
451,2020,219,0.991113076838274,-2.83228915921147
451,2020,220,0.144380692742472,-0.498042420955981
451,2020,221,0.55698357864105,1.61463939766702
451,2020,222,0.315878003925787,-0.0861472110619861
451,2020,223,0.979714748536036,-2.7799296016786
451,2020,224,1.04023412748845,2.75806702924054
451,2020,225,0.720092705587353,2.33701504931341
451,2020,226,0.49013376902101,0.45353949605775
451,2020,227,0.760178696265573,-0.856117564312493
451,2020,228,0.729378709502574,2.93336276480545
451,2020,229,0.0169421208875925,-1.85997935652704
451,2020,230,1.00585299606143,2.63145023703858
451,2020,231,0.780926001465802,3.13461219904402
451,2020,232,1.21883312213905,3.09286577856838
451,2020,233,0.235225454908319,0.9153110307213
451,2020,234,0.498627907324903,2.9520683994479
451,2020,235,0.883767443735297,2.89015717380008
451,2020,236,0.300690974473075,-1.11510600776687
451,2020,237,1.30542770987008,2.47770855515155
451,2020,238,0.415901695628949,1.6618436027965
451,2020,239,0.95168028984198,1.64837570453933
451,2020,240,0.458680801765044,-0.202796843239105
451,2020,241,0.505132322277893,2.64793755584027
451,2020,242,1.75425816805939,1.80161807856048
451,2020,243,0.590118681015095,0.131675707611415
451,2020,244,0.549513930727797,0.161168333732054
451,2020,245,0.423664575530958,-2.9847384743848
451,2020,246,0.598503350473018,0.305921829157683
451,2020,247,0.766793450016546,3.09793043376875
451,2020,248,0.994122951271215,2.94349748213088
451,2020,249,1.42222457094647,0.057737669979359
451,2020,250,0.376232011833987,1.40880900818585
451,2020,251,0.22601953830567,2.70068827641162
451,2020,253,0.981607822212389,NA
451,2020,254,0.287119231589129,-1.52476990904943
451,2020,255,0.119971393421523,-0.18132426666762
451,2020,256,0.124150411958332,0.825171202369713
451,2020,257,0.357086028801536,-2.44199425769055
451,2020,258,2.42315928031173,-0.175054845435471
451,2020,259,0.0913156212560555,1.77930781233107
451,2020,260,0.472975284882415,0.229280228607459
451,2020,261,2.06991659077559,1.43545485725006
451,2020,262,1.1921188700526,2.88467876072753
451,2020,263,1.26010864096471,-3.07994886052023
451,2020,264,0.763636813786059,0.946684426018967
451,2020,265,0.379800368462332,-1.21604495710588
451,2020,266,2.68646164817334,-2.27649933862531
451,2020,267,0.983308914901836,-2.62392940123279
451,2020,268,0.302808575560445,2.42249054471489
451,2020,269,0.116118962037701,1.72891352605721
451,2020,270,1.31626056184721,1.06904804448928
451,2020,271,1.8423594646125,1.17025531571472
451,2020,272,2.03897450151395,-2.10056216807242
451,2020,273,1.04440375924161,-2.3147462639975
451,2020,274,1.35472495333399,0.459988702460652
451,2020,275,0.377280267630726,-2.88681724323491
451,2020,276,1.08108681796589,2.41520423856921
451,2020,277,0.0979187975822019,1.56935242694869
451,2020,278,0.274995009138075,2.45926780521646
451,2020,279,0.66969457782502,-1.31138114097508
451,2020,280,1.51929163785387,1.72609062093982
451,2020,281,0.725935263937517,-1.10659309063332
451,2020,282,0.571797126474149,2.8469210134001
451,2020,283,0.191308114300644,1.41213919907094
451,2020,284,1.08717103239756,2.59622629687826
451,2020,285,2.2581044342605,-1.00245093211461
451,2020,286,1.66411819403508,-2.54963154210831
451,2020,287,1.32723353169917,1.68902956433251
451,2020,288,0.8504976656098,2.79296205617872
451,2020,289,1.74789632511002,-2.56087373640038
451,2020,290,1.50261753883538,-0.624517169748992
451,2020,291,1.18874036383973,-1.28856689794947
451,2020,292,3.41197909226894,2.93061731462757
451,2020,293,2.95287429222278,-2.10145721933318
451,2020,294,0.915232960575242,-2.02806418589434
451,2020,295,0.516110577134038,1.63387800280137
451,2020,296,1.84315308612241,2.97090563931634
451,2020,297,1.61922318556017,-0.41254144753575
451,2020,298,1.69352336451124,-0.553018985647652
451,2020,299,2.56562920883343,2.79254344236148
451,2020,300,0.269081640995041,2.30700745406262
451,2020,301,1.24087496899406,0.151019899709153
451,2020,302,1.51184970762045,1.00115893318437
451,2020,303,9.65871385482206,-0.554552865634081
451,2020,304,7.88870291933188,0.528876407092641
451,2020,305,29.3269718657914,-0.00364908280271958
451,2020,306,15.5236944723299,0.383394658798922
451,2020,307,2.47370181266028,0.0693277228982612
451,2020,308,1.46778501042338,0.997971124077981
451,2020,309,1.00316814507984,-0.312597792662899
451,2020,310,0.163420467342842,1.76001052033584
451,2020,311,5.20586956925504,-1.82237790184847
451,2020,312,5.12441747516711,-0.336134327074774
451,2020,313,6.74818116987846,-0.103023287840644
451,2020,314,2.78225238368468,-0.454265319826862
451,2020,315,8.42750613830704,0.441206381578528
451,2020,316,1.37291982285085,0.408492324530691
451,2020,317,0.284854829959344,0.693139865963273
451,2020,318,0.34197363428534,-1.12354621994192
451,2020,319,0.735835426070756,-3.13957873478116
451,2020,320,0.311533897716699,2.0993696387003
451,2020,321,2.82442720906269,0.828857150309808
451,2020,322,0.206212294479254,-1.59702890421416
451,2020,323,4.26513650440958,1.80750882534859
451,2020,324,0.572092193695956,3.00941188919572
451,2020,325,0.760264135538769,-2.86687865318442
451,2020,326,0.241851372009919,-1.9830473837833
451,2020,327,0.526828612144224,-2.90419106823226
451,2020,328,0.959285436283049,-1.92053786485819
451,2020,329,6.40033711556368,0.546979516851579
451,2020,330,5.60989048145564,-0.619222184812382
451,2020,331,1.62116578188151,-0.702876359520327
451,2020,332,0.240444885905969,1.21428929318919
451,2020,333,0.322112883068606,1.42821612003589
451,2020,334,0.23303536667272,0.399380062589797
451,2020,335,0.379196392232543,1.52235630996691
451,2020,336,1.48144615723416,3.06194260074496
451,2020,337,2.74114566863996,1.05059633852384
451,2020,338,11.5596942753889,-1.01743176797088
451,2020,339,3.79902912253305,-0.773109572116715
451,2020,340,7.02034218475178,1.63499068801829
451,2020,341,8.29529872756734,-1.82561316453158
451,2020,342,1.55210201551704,0.353500120278467
451,2020,343,12.3564961308463,0.610939450156351
451,2020,344,3.84431578327605,-0.521789165299095
451,2020,345,0.0566485381473151,-1.25484519125918
451,2020,346,0.0230741680009882,-0.310742735750162
451,2020,347,0.154004633744052,-0.488813124443189
451,2020,348,0.0635725902276202,3.05284702147771
451,2020,349,0.144634177896074,-1.02294195215861
451,2020,350,0.0419269629010221,-1.96784971893656
451,2020,351,0.00700139599831355,-3.14159009600688
451,2020,352,0.196562109130725,-0.0973500111359371
451,2020,353,0.186831506864731,-0.437905809573442
451,2020,354,0.02865331197982,-1.03559294026218
451,2020,355,0.218634282035629,2.40553141310101
451,2020,356,0.150565323363736,-1.92314080330749
451,2020,357,0.349817405579187,-0.786832706341402
451,2020,363,0.0191021999080718,NA
451,2020,364,0.341531677733576,1.16959960488204
